tweet,label,clean_text,label_encoded
Leo nimepata kitambulisho changu cha taifa Asante sana,positive,leo nimepata kitambulisho changu cha taifa asante sana,2
Asante na tafadhali subiri tutawasiliana nawe kwa msaada zaidi Gift,positive,asante na tafadhali subiri tutawasiliana nawe kwa msaada zaidi gift,2
Takwimu zinaonyesha katika kila watoto 100 27 wanapata mimba kabla ya kufika miaka 18,neutral,takwimu zinaonyesha katika kila watoto wanapata mimba kabla ya kufika miaka,1
Kwa hiyo kama ilivyokuja kwenye aya hiyo ni juu yetu Sisi wanadamu kumuitikia Mola wetu Mlezi Mtukufu na mtume wake wanapotuita kupitia Quran na Sunnah kwenye mambo yatakayofanya maisha yetu ya hapa duniani na akhera yawe mazuri,neutral,kwa hiyo kama ilivyokuja kwenye aya hiyo ni juu yetu sisi wanadamu kumuitikia mola wetu mlezi mtukufu na mtume wake wanapotuita kupitia quran na sunnah kwenye mambo yatakayofanya maisha yetu ya hapa duniani na akhera yawe mazuri,1
Sio watu wazuri awa Nakutana nao FA Cup nawafahamu awa,negative,sio watu wazuri awa nakutana nao fa cup nawafahamu awa,0
Tanzania Hii Ukiwa Boyfriend Unakuwa Na Majukumu Makubwa Kuliko Hata Kuwa Baba Mzazi,neutral,tanzania hii ukiwa boyfriend unakuwa na majukumu makubwa kuliko hata kuwa baba mzazi,1
Kampuni ya imedhamiria kupanua shughuli zao zinazohusiana na Kwa kutoa elimu na kuh,neutral,kampuni ya imedhamiria kupanua shughuli zao zinazohusiana na kwa kutoa elimu na kuh,1
WordSema lowkey hii siku hizi ni kama Mbio za Vijiti between First and Last Born The moment Last Born ukimaliza Ch,neutral,wordsema lowkey hii siku hizi ni kama mbio za vijiti between first and last born the moment last born ukimaliza ch,1
Halafu anatagiwa atume 15k while hiyo ndio ilikuwa Budget yake ya Lunch Dinner na Bia 2 akalaleBoychild Tunateseka,negative,halafu anatagiwa atume k while hiyo ndio ilikuwa budget yake ya lunch dinner na bia akalaleboychild tunateseka,0
Maoni Huenda wahitimu wa sasa hawana maarifa yanayotakiwa katika soko la ajira,neutral,maoni huenda wahitimu wa sasa hawana maarifa yanayotakiwa katika soko la ajira,1
60 ZA CHEMA ALICHOLETA   Ulitangulia kuumbwa Ulimwengu mbingu na viijazavyo ikiwemo mwezi na jua uh,neutral,za chema alicholeta ulitangulia kuumbwa ulimwengu mbingu na viijazavyo ikiwemo mwezi na jua uh,1
Kuhusu simu kusababisha saratani cancer bado kuna mkanganyiko japo mpaka leo hakuna tafiti iliyothibitisha Simu hutoa,neutral,kuhusu simu kusababisha saratani cancer bado kuna mkanganyiko japo mpaka leo hakuna tafiti iliyothibitisha simu hutoa,1
Me mada watu wakishaanza kuhusisha dini tu waga najitoa NBio kwamba sina imani ila huwa najiepusha na majibizano kuhusu dini,neutral,me mada watu wakishaanza kuhusisha dini tu waga najitoa nbio kwamba sina imani ila huwa najiepusha na majibizano kuhusu dini,1
Bodi ya Wakurugenzi ya Shirika la Reli Tanzania  TRC ikiongozwa na Mwenyekiti Prof John Kondoro yatembelea kambi za Ujenzi w,positive,bodi ya wakurugenzi ya shirika la reli tanzania trc ikiongozwa na mwenyekiti prof john kondoro yatembelea kambi za ujenzi w,2
Zoezi la kutambulishana likiwa linaendelea,neutral,zoezi la kutambulishana likiwa linaendelea,1
Hatimaye machapisho yangu ya kielektroniki sasa yataweza kupatikana kwa mobile money mpesa Airtel money TigoPesa katika,positive,hatimaye machapisho yangu ya kielektroniki sasa yataweza kupatikana kwa mobile money mpesa airtel money tigopesa katika,2
Kama upo sogea eneo walipo wajasiriamali wa upate bidhaa na huduma bora kutoka kwa vija,neutral,kama upo sogea eneo walipo wajasiriamali wa upate bidhaa na huduma bora kutoka kwa vija,1
Marko 834 Yesu akasema Mtu ye yote akitaka kunifuata ni lazima ajikane mwenyewe auchukue msalaba wake anifuate AJ,positive,marko yesu akasema mtu ye yote akitaka kunifuata ni lazima ajikane mwenyewe auchukue msalaba wake anifuate aj,2
Jeshi la Polisi laadhimisha Siku 16 ya kupinga ukatili wa kijinsia na watoto katika Wilaya ya Mkuranga mkoa wa Kipolisi Rufiji PichaTanpol,positive,jeshi la polisi laadhimisha siku ya kupinga ukatili wa kijinsia na watoto katika wilaya ya mkuranga mkoa wa kipolisi rufiji pichatanpol,2
Pole sana kwa Familia IPP Media and watanzania wote walioguswa na msiba huu mkubwa Mungu akawe faraja kwenu RIP Reginald Mengi,negative,pole sana kwa familia ipp media and watanzania wote walioguswa na msiba huu mkubwa mungu akawe faraja kwenu rip reginald mengi,0
MubasharaLIVE kutoka kwenye Kongamano la TEHAMA katika ukumbi wa kimataifa wa JK Nyerere Dar es Salaam Tembelea ukurasa wa,neutral,mubasharalive kutoka kwenye kongamano la tehama katika ukumbi wa kimataifa wa jk nyerere dar es salaam tembelea ukurasa wa,1
Leo katika kipindi cha tuna angazia  Baadhi ya wananchi wanao pokea na kuwahifadhi,neutral,leo katika kipindi cha tuna angazia baadhi ya wananchi wanao pokea na kuwahifadhi,1
Tafadhali tuandikie namba yako ya kadi kwa msaada zaidiSalim,neutral,tafadhali tuandikie namba yako ya kadi kwa msaada zaidisalim,1
Mpaka kufika kesho saa mbili asubuhi tunatakiwa kuwa tumechanga milioni 350,neutral,mpaka kufika kesho saa mbili asubuhi tunatakiwa kuwa tumechanga milioni,1
Mambo ni kama hivi leo katika kilele cha maadhimisho ya,neutral,mambo ni kama hivi leo katika kilele cha maadhimisho ya,1
Sikumbuki vizuri ila nilikuwa na F zote D mahala na C ya English Ila maisha yaliponitandika nikiwa mama wa watoto wawi,neutral,sikumbuki vizuri ila nilikuwa na f zote d mahala na c ya english ila maisha yaliponitandika nikiwa mama wa watoto wawi,1
represent 1044 mpunguzi Dodoma ya izidi kupanda kwenye top20,neutral,represent mpunguzi dodoma ya izidi kupanda kwenye top,1
Ana anajifanya mzalendo mpigania nchi kumbe yupo dm anaomba utelezi Kweli Twitter people never don what they preach,negative,ana anajifanya mzalendo mpigania nchi kumbe yupo dm anaomba utelezi kweli twitter people never don what they preach,0
Zoezi la Usajili na utoaji wa Vitambulisho halijasimamishwa ni zoezi endelevu karibu kwenye Ofisi zetu za usajili Wilaya unayoishi tuweze kukuhudumia,positive,zoezi la usajili na utoaji wa vitambulisho halijasimamishwa ni zoezi endelevu karibu kwenye ofisi zetu za usajili wilaya unayoishi tuweze kukuhudumia,2
Baya lisilonidhuru ni jema lisilo na faida,neutral,baya lisilonidhuru ni jema lisilo na faida,1
Habari Ochu Samahani kwa makosa ya kimaandishi yaliyotokea Tumefanyia marekebisho tayari na utaweza kuona kwa usahihi Asante SS,neutral,habari ochu samahani kwa makosa ya kimaandishi yaliyotokea tumefanyia marekebisho tayari na utaweza kuona kwa usahihi asante ss,1
Tuko kwenye hatari ya kupata ebola kutokana na muingiliano mkubwa uliopo kati ya nchi ya Congo na nchi yetu ya Tanzan,negative,tuko kwenye hatari ya kupata ebola kutokana na muingiliano mkubwa uliopo kati ya nchi ya congo na nchi yetu ya tanzan,0
NALE ni dawa ya mimea inayotibu changamoto ya vidonda vya tumbo kwa kuponyesha michubuko kwenye kuta za tumbo na kuua bacteria wanaochagiza tatizo la vidonda vya tumbo Dawa haina madhara kwa mtumiaji Kwa Msaada zaidi Piga 0654 982 582 au WhatsApp link,neutral,nale ni dawa ya mimea inayotibu changamoto ya vidonda vya tumbo kwa kuponyesha michubuko kwenye kuta za tumbo na kuua bacteria wanaochagiza tatizo la vidonda vya tumbo dawa haina madhara kwa mtumiaji kwa msaada zaidi piga au whatsapp link,1
Nitaongoza idara ya Habari ya CHADEMA MKOA wa MARA kama AFISA wa HABARI VIKAO vya tarehe 19022020 vya baraza la uongozi n,neutral,nitaongoza idara ya habari ya chadema mkoa wa mara kama afisa wa habari vikao vya tarehe vya baraza la uongozi n,1
Kama tukiweza kuwekeza kwa mtoto wa kike Mfano kama tutapambana na ndoa za utotoni basi kwa miaka 15 tunaweza kuingiz,neutral,kama tukiweza kuwekeza kwa mtoto wa kike mfano kama tutapambana na ndoa za utotoni basi kwa miaka tunaweza kuingiz,1
Kipindi nimemaliza elimu yangu ya shule ya msingi sikuweza kupata matokeo mazuri yakunifanya niende kidato cha kwanza H,negative,kipindi nimemaliza elimu yangu ya shule ya msingi sikuweza kupata matokeo mazuri yakunifanya niende kidato cha kwanza h,0
Busara na hekima inatakiwa kutumika,positive,busara na hekima inatakiwa kutumika,2
RCD Espanyol de Barcelona au Wolverhampton Wanderers FC watachezea nyavu Magoli mangapi leo otea Bet SASA ushinde,neutral,rcd espanyol de barcelona au wolverhampton wanderers fc watachezea nyavu magoli mangapi leo otea bet sasa ushinde,1
TAARIFA MUHIMU KWA WATANZANIA,neutral,taarifa muhimu kwa watanzania,1
John Mrema Tumekuwa na mafunzo kwa wanawakekila mwaka wana graduate wanawake 120 kwenye masuala ya uongozi Mwenyekiti wa B,positive,john mrema tumekuwa na mafunzo kwa wanawakekila mwaka wana graduate wanawake kwenye masuala ya uongozi mwenyekiti wa b,2
Retweet tweet hii Kama unampenda baba wa Taifa Na unataka kuwajuza wenzio kua inakupa 10GB kwa Shilingi 1000,neutral,retweet tweet hii kama unampenda baba wa taifa na unataka kuwajuza wenzio kua inakupa gb kwa shilingi,1
Vyakula vya watu wabahili au wasio na hela,neutral,vyakula vya watu wabahili au wasio na hela,1
Mke mmoja wawili au kumi Na kaianzisha sababu anataka kuoa wake wengi wengi,neutral,mke mmoja wawili au kumi na kaianzisha sababu anataka kuoa wake wengi wengi,1
Tunachukulia vitu kwa wepesi sana imagine hawa makomando watoke halafu waamue kulipa kisasini kumuomba Mungu tu yaishe salama,negative,tunachukulia vitu kwa wepesi sana imagine hawa makomando watoke halafu waamue kulipa kisasini kumuomba mungu tu yaishe salama,0
Habari hatuna tabia hiyo Endelea kufurahia huduma zetuJ,neutral,habari hatuna tabia hiyo endelea kufurahia huduma zetuj,1
Bibi wa ovyo anampata mume mzuri,neutral,bibi wa ovyo anampata mume mzuri,1
karibuni kupata kitabu changu kipya Kipo TPH Samora Avenue 15000 tu Kiliandikwa kwa ajili ya vijana lakini kina,positive,karibuni kupata kitabu changu kipya kipo tph samora avenue tu kiliandikwa kwa ajili ya vijana lakini kina,2
Vijana kutoka DTBTanzania tawi la Mwanza wakikabidhi mifuko ya Saruji kwa Mhe Stanslaus Mabula Mbunge wa Nyamagana Mwanza jana Huu ulikuwa ni machango wa benki yetu katika kukabiliana na changamoto ya upungufu wa madarasa katika shule za msingi zilizopo mjini Mwanza,positive,vijana kutoka dtbtanzania tawi la mwanza wakikabidhi mifuko ya saruji kwa mhe stanslaus mabula mbunge wa nyamagana mwanza jana huu ulikuwa ni machango wa benki yetu katika kukabiliana na changamoto ya upungufu wa madarasa katika shule za msingi zilizopo mjini mwanza,2
Kasi Ya Watu kufanya Mazoezi Ni Kubwa Mno Sasa 125000 Badala Ya 150000 Whatssap,positive,kasi ya watu kufanya mazoezi ni kubwa mno sasa badala ya whatssap,2
Serikali haina nia ya kunyanganya ardhi ya wananchiMhe Mabula,negative,serikali haina nia ya kunyanganya ardhi ya wananchimhe mabula,0
Uzuri wa mnajikusanya au kujichagua wana kadhaa mnapiga zenu road trip mda wowote ule mnaamsha unasubiri nini sasa,neutral,uzuri wa mnajikusanya au kujichagua wana kadhaa mnapiga zenu road trip mda wowote ule mnaamsha unasubiri nini sasa,1
Pata huduma mbalimbali za kibenki kwa gharama nafuu kabisa kupitia Equity Bank Tembelea tawi letu lolote lililopo karibu,neutral,pata huduma mbalimbali za kibenki kwa gharama nafuu kabisa kupitia equity bank tembelea tawi letu lolote lililopo karibu,1
habari tunashukuru kwa kuwasiliana nasi Endelea kufurahia huduma supa kutoka Vodacom DM,positive,habari tunashukuru kwa kuwasiliana nasi endelea kufurahia huduma supa kutoka vodacom dm,2
Hivi majaliwa anajua maana ya 12mil  Yaani hizi hesabu zao huwa wanazipiga vipi  Ajira mil 12 wakati wali,neutral,hivi majaliwa anajua maana ya mil yaani hizi hesabu zao huwa wanazipiga vipi ajira mil wakati wali,1
Unaweza kufanya malipo yako mbalimbali kwa kutumia Visa Card kutoka KCB kwa bei ileile,positive,unaweza kufanya malipo yako mbalimbali kwa kutumia visa card kutoka kcb kwa bei ileile,2
Leo ni siku yako ya kuzaliwa ya kwanza tangu ututoke Leo ni siku ya kuzaliwa kwako bila uwepo wako shujaa wetumpatanish,negative,leo ni siku yako ya kuzaliwa ya kwanza tangu ututoke leo ni siku ya kuzaliwa kwako bila uwepo wako shujaa wetumpatanish,0
Kutuma picha za faragha mitandaoni inaweza kuwa jambo la kufurahisha hadi pale siku utakapogundua kuwa maisha yako ya b,negative,kutuma picha za faragha mitandaoni inaweza kuwa jambo la kufurahisha hadi pale siku utakapogundua kuwa maisha yako ya b,0
Laki moja bank inaeza isha ndani ya siku moja fresh kabisa Kiufupi hata wiki haitoboi Followers laki moja wanaweza ku,neutral,laki moja bank inaeza isha ndani ya siku moja fresh kabisa kiufupi hata wiki haitoboi followers laki moja wanaweza ku,1
Pole sana kwa changamoto hiyohatuna lengo la kuwaibiatunaiboresha huduma ya kuangalia saliotunaomba utupatie namba tafadhali tukuangalizie,positive,pole sana kwa changamoto hiyohatuna lengo la kuwaibiatunaiboresha huduma ya kuangalia saliotunaomba utupatie namba tafadhali tukuangalizie,2
Tunawakosea sana watototena hao baby skuli wanatakiwa wasome shule za jirani yani dada ndo anampeleka kwa mguu tu,negative,tunawakosea sana watototena hao baby skuli wanatakiwa wasome shule za jirani yani dada ndo anampeleka kwa mguu tu,0
Mjublo kashaibuka Cousin 420 ni mwendo 2000 tu Watagg washikaji tukutane Cousin Leo,neutral,mjublo kashaibuka cousin ni mwendo tu watagg washikaji tukutane cousin leo,1
Maziwa Bora kabisa ya ngombe Maziwa Fresh mazuri mazito yana cream yake ya kutosha Lita 3  9000tzs Lita 5  120,positive,maziwa bora kabisa ya ngombe maziwa fresh mazuri mazito yana cream yake ya kutosha lita tzs lita,2
Habari tafadhali piga 14700 au 14800 chagua saizi siku wiki au mwezi kupata vifurushi vyetu vilivyoboreshwa zaidi,neutral,habari tafadhali piga au chagua saizi siku wiki au mwezi kupata vifurushi vyetu vilivyoboreshwa zaidi,1
Tafadhali piga 14700 au 14800 chagua siku wiki au mwezi kisha chagua namba 2internet kupata vifurushi vyetu vilivyoboreshwa zaidi,neutral,tafadhali piga au chagua siku wiki au mwezi kisha chagua namba internet kupata vifurushi vyetu vilivyoboreshwa zaidi,1
Ni muhimu kufahamu kwamba mitandao ya kijamii si kila kitu Tusijikute tunaumizwa na attacks mbalimbali Kila mtu ana,positive,ni muhimu kufahamu kwamba mitandao ya kijamii si kila kitu tusijikute tunaumizwa na attacks mbalimbali kila mtu ana,2
Unakumbuka hizi Sheria zetu za mpira utotoni 1Mwenye mpira Lazima acheze ata kama hajui mpira 2Dogo mnene Lazima awe golikipa 3Mwenye mpira ataamua nan acheze na nan asicheze 4kama haujashiriki kufuma mpira unaweza ucpate namba,neutral,unakumbuka hizi sheria zetu za mpira utotoni mwenye mpira lazima acheze ata kama hajui mpira dogo mnene lazima awe golikipa mwenye mpira ataamua nan acheze na nan asicheze kama haujashiriki kufuma mpira unaweza ucpate namba,1
Vijana tuwe na heshima tunapoona mtu kampost mkemume au hata mtoto wake swala la hana tako miguu membamba au kibonge s,negative,vijana tuwe na heshima tunapoona mtu kampost mkemume au hata mtoto wake swala la hana tako miguu membamba au kibonge s,0
Kama una rafiki ako na unajua ni muathirika na anatumia ARV usisite kuwa una mkumbusha kunywa dawa,neutral,kama una rafiki ako na unajua ni muathirika na anatumia arv usisite kuwa una mkumbusha kunywa dawa,1
Pole sana kwa changamoto uliyopata tunaomba mrejesho unaopata na namba yako ya nmb mobile inbox tafadhaliYN,positive,pole sana kwa changamoto uliyopata tunaomba mrejesho unaopata na namba yako ya nmb mobile inbox tafadhaliyn,2
Habari Quban Kwa sasa hatuna tawi mkoani Dodoma ila huduma zetu zitafika huko hivi karibuni,negative,habari quban kwa sasa hatuna tawi mkoani dodoma ila huduma zetu zitafika huko hivi karibuni,0
Hivi kupima VVU si bure Wapendwatuwe na desturi ya kupima kila baada ya miezi mitatu kujua afya zetu na kama ukikutwa,neutral,hivi kupima vvu si bure wapendwatuwe na desturi ya kupima kila baada ya miezi mitatu kujua afya zetu na kama ukikutwa,1
Kile tulichokuwa tunakisubiri sasa kimewadia kaa tayari leo saa 6 Mchana kwenye channel 103 SinemaZetu tutakuwa na mkuta,neutral,kile tulichokuwa tunakisubiri sasa kimewadia kaa tayari leo saa mchana kwenye channel sinemazetu tutakuwa na mkuta,1
Waziri Mkuu wa Jamhuri ya muungano wa Tanzania Kassim Majaliwa Kassim jana Disemba 11 2018 alimpokea na kumkaribisha Waziri Mkuu wa Misri Dkt Mostafa Madbouly ambaye aliwasili kwenye Uwanja wa Ndege wa,neutral,waziri mkuu wa jamhuri ya muungano wa tanzania kassim majaliwa kassim jana disemba alimpokea na kumkaribisha waziri mkuu wa misri dkt mostafa madbouly ambaye aliwasili kwenye uwanja wa ndege wa,1
Sema tuwe serious na branding za wachezaji wetuifike point wajue wao ni bidhaa ukiachana na kucheza mpira tu,positive,sema tuwe serious na branding za wachezaji wetuifike point wajue wao ni bidhaa ukiachana na kucheza mpira tu,2
Leo tumekabidhi nyumba za watumishi wa afya 60 zilizojengwa katika wilaya 6 mkoani Lindi,positive,leo tumekabidhi nyumba za watumishi wa afya zilizojengwa katika wilaya mkoani lindi,2
Network yenyewe ya Airtel Kila jambo kwa wakati wake na wakati wa Mungu ndio wakati sahihi,positive,network yenyewe ya airtel kila jambo kwa wakati wake na wakati wa mungu ndio wakati sahihi,2
Black taafadhali tunaomba namba yako ya simu na tarehe husika kwa ajili ya taarifa zaidi,positive,black taafadhali tunaomba namba yako ya simu na tarehe husika kwa ajili ya taarifa zaidi,2
Napenda nichukue Fursa kumshukuru Mungu na kukushukuru wewe pia kwa kuweza Kupata Nafasi ya Kupromote kitabu Uzinduzi Ulikuwa Mzuri wa Kitabu katika CHUO KIKUU CHA WAISLAM MOROGORO Naomba tuwasiliane kwa namba Whats App no 0624613046 i,positive,napenda nichukue fursa kumshukuru mungu na kukushukuru wewe pia kwa kuweza kupata nafasi ya kupromote kitabu uzinduzi ulikuwa mzuri wa kitabu katika chuo kikuu cha waislam morogoro naomba tuwasiliane kwa namba whats app no i,2
Pole sana tunaomba kufahamu sehemu ya tatizo lako tafadhaliFB,neutral,pole sana tunaomba kufahamu sehemu ya tatizo lako tafadhalifb,1
Kaka wewe ni mpinzani wa mfano hauko kwenye kundi hilo Na unajipambanua kwenye mambo yako Sisi,neutral,kaka wewe ni mpinzani wa mfano hauko kwenye kundi hilo na unajipambanua kwenye mambo yako sisi,1
Tuambie ulipo tuweze kufuatilia uweze kupata huduma ya vocha,neutral,tuambie ulipo tuweze kufuatilia uweze kupata huduma ya vocha,1
Puuza uzushi kwamba chanjo italeta madhara baada miaka kadhaa sikiliza majibu ya wataalam wa afya ili tumshinde huyu adui,positive,puuza uzushi kwamba chanjo italeta madhara baada miaka kadhaa sikiliza majibu ya wataalam wa afya ili tumshinde huyu adui,2
Habari Alhaji Lomayani tunaomba namba zenye shida DM kwa msaada zaidi,neutral,habari alhaji lomayani tunaomba namba zenye shida dm kwa msaada zaidi,1
Sina uhakika sana soko la mziki nalo lina fitna zake vizuri tuu WCB naweza kusema wana loyal fans,positive,sina uhakika sana soko la mziki nalo lina fitna zake vizuri tuu wcb naweza kusema wana loyal fans,2
Innovate Innovate Innovate In Tanzania We need more and more,positive,innovate innovate innovate in tanzania we need more and more,2
Siku uwe na pesa Na hauna furaha je unweza kutumia hio pesa kununua furaha yako Mfano kupitia pesa unaeeza kununua uhai wa mtu,neutral,siku uwe na pesa na hauna furaha je unweza kutumia hio pesa kununua furaha yako mfano kupitia pesa unaeeza kununua uhai wa mtu,1
Kama maisha yangekuwa kama Tamthilia asee NIngekuwa mbali maana watu wanatoboa mapema sijui michongo wanaitoa wapi,neutral,kama maisha yangekuwa kama tamthilia asee ningekuwa mbali maana watu wanatoboa mapema sijui michongo wanaitoa wapi,1
Kwasisi Vijana Tunao Anza Maisha Tuanze na Kipi 1Tununue Gari Nzuri Afu Tupange 2Tupange Huku tunajenga,neutral,kwasisi vijana tunao anza maisha tuanze na kipi tununue gari nzuri afu tupange tupange huku tunajenga,1
pamoja sana endelea kutumia huduma zetu kwani bado tunaendelea kuboresha zaidi ili kuweza kuwapatia huduma bora zaidi tigo live itlove it,positive,pamoja sana endelea kutumia huduma zetu kwani bado tunaendelea kuboresha zaidi ili kuweza kuwapatia huduma bora zaidi tigo live itlove it,2
Asante sana kwa kushea na kutembelea kurasa zetu,positive,asante sana kwa kushea na kutembelea kurasa zetu,2
We hope to see you next time Ila tutaongeza ulinzi mkali usiondoke na simu  Asante kwa kutuunga mkono,neutral,we hope to see you next time ila tutaongeza ulinzi mkali usiondoke na simu asante kwa kutuunga mkono,1
Serikali ya Tanzania ilipiga hatua kubwa kwa kutangaza kutoa kodi katika taulo za kike Swali niJe wasambazaji wamepu,neutral,serikali ya tanzania ilipiga hatua kubwa kwa kutangaza kutoa kodi katika taulo za kike swali nije wasambazaji wamepu,1
Hongera vijana wanaojitolea Odette Kwizera kutoka Burundi ni mfanyakazi wa kujitolea wa nchini  kwenye redio ya jamii ya  Soma simulizi yake,positive,hongera vijana wanaojitolea odette kwizera kutoka burundi ni mfanyakazi wa kujitolea wa nchini kwenye redio ya jamii ya soma simulizi yake,2
Ofisi ya jiji la Dodoma kwa kushirikiana na Mamlaka ya Viwanja vya Ndege Tanzania TAA yafanya mkutano na wananchi,neutral,ofisi ya jiji la dodoma kwa kushirikiana na mamlaka ya viwanja vya ndege tanzania taa yafanya mkutano na wananchi,1
Leo tumeweka historia tutajenga km 300 kwa pesa yetu DarMoro 160kph Moro saa 1 tu CCM Mpya Tanzania Mpya,positive,leo tumeweka historia tutajenga km kwa pesa yetu darmoro kph moro saa tu ccm mpya tanzania mpya,2
Wakuu naomba support mwa Mtanzania mwenzetu aondoke na ushindi Link Chagua FLORINYAHTanzani,neutral,wakuu naomba support mwa mtanzania mwenzetu aondoke na ushindi link chagua florinyahtanzani,1
onet online shopping store tafadhali tembelea kwenye ofisi au duka letu Karibu ujiwahie ya kwako,positive,onet online shopping store tafadhali tembelea kwenye ofisi au duka letu karibu ujiwahie ya kwako,2
Asante sana na kwa wimbo mzuri wa kumuimbia Mama yangu Paskalina na akina Mama wote,positive,asante sana na kwa wimbo mzuri wa kumuimbia mama yangu paskalina na akina mama wote,2
Habari yako Habby Issahujanja ni kujiachia na mtandao bora kutoka tigoshukrani sana na endelea kufurahia huduma zetu,positive,habari yako habby issahujanja ni kujiachia na mtandao bora kutoka tigoshukrani sana na endelea kufurahia huduma zetu,2
Mnunulie umpendaye jinunulie kama wajipenda abaya za kwenda unaambiwa designs ni kama zote cheki insta huku ujibambe http,neutral,mnunulie umpendaye jinunulie kama wajipenda abaya za kwenda unaambiwa designs ni kama zote cheki insta huku ujibambe http,1
Kusema ukweli japo huo ukweli unauma sana na ni ngumu ku acceptila kama imeshindikana kabisa yani hakuna namna,neutral,kusema ukweli japo huo ukweli unauma sana na ni ngumu ku acceptila kama imeshindikana kabisa yani hakuna namna,1
Msaada twitani Naomba mwenye namba ya Simu ya Mwenge ZahanatiHata ya Dr yoyote Natanguliza shukrani,neutral,msaada twitani naomba mwenye namba ya simu ya mwenge zahanatihata ya dr yoyote natanguliza shukrani,1
Simba SC 4  5 Sevilla FC FT tzsportpesa laliga,positive,simba sc sevilla fc ft tzsportpesa laliga,2
Semina kuhusu ugonjwa wa Ebola Soma zaidi gtgt,neutral,semina kuhusu ugonjwa wa ebola soma zaidi gtgt,1
Kama elimu ikimsaidia ila akiitumia vibaya ndo ile ya umeuza ngombe kuisomesha ngombe ikampe mtu mimba ipigwe faini ya ngombe,neutral,kama elimu ikimsaidia ila akiitumia vibaya ndo ile ya umeuza ngombe kuisomesha ngombe ikampe mtu mimba ipigwe faini ya ngombe,1
Tusiruhusu Bidhaa feki toka nje kuingizwa sokoni kwani zinaweza kuua viwanda vyetu,positive,tusiruhusu bidhaa feki toka nje kuingizwa sokoni kwani zinaweza kuua viwanda vyetu,2
yana ukomo mwaka 2030 Hivyo ni miaka 10 tu imebaki Lazima tuongeze juhudi zetu Sasa anasema,neutral,yana ukomo mwaka hivyo ni miaka tu imebaki lazima tuongeze juhudi zetu sasa anasema,1
Wakazi wa kijiji cha Nkungwe wilaya ya Kigoma Mkoani Kigoma wameipongeza serikali kuanza kutatua changamoto ya ujenzi wa daraja la watembea kwa miguu katika mto Luiche Soma zaidi gtgt,neutral,wakazi wa kijiji cha nkungwe wilaya ya kigoma mkoani kigoma wameipongeza serikali kuanza kutatua changamoto ya ujenzi wa daraja la watembea kwa miguu katika mto luiche soma zaidi gtgt,1
Waziri wa Afya Maendeleo ya Jamii Jinsia Wazee na Watoto amesema Serikali haina nia ya kuyabana Mashirik,neutral,waziri wa afya maendeleo ya jamii jinsia wazee na watoto amesema serikali haina nia ya kuyabana mashirik,1
Kesho nitakuja na uzi wa Je Wajua za tofauti kidogo Lau unipatie wasaa wako kesho nikusogezee darasa kiganjani kwako,positive,kesho nitakuja na uzi wa je wajua za tofauti kidogo lau unipatie wasaa wako kesho nikusogezee darasa kiganjani kwako,2
Massele Ndugai wavurugana,negative,massele ndugai wavurugana,0
mpaka sasa najua una nyimbo moja kali ya siasa kichwani hebu iweke kwenye pepa then studio huu ni muda mw,positive,mpaka sasa najua una nyimbo moja kali ya siasa kichwani hebu iweke kwenye pepa then studio huu ni muda mw,2
Huku kumenogausipitwe na fursa hii Kwako Mfanyabiashara njoo uuze hukuNa Sisi Wengine sasa kuna buru,neutral,huku kumenogausipitwe na fursa hii kwako mfanyabiashara njoo uuze hukuna sisi wengine sasa kuna buru,1
Matokeo ya Masters mzumbe yametoka kwenye Aris mtu amepata C kaandikiwa Pass lakini anatakiwa afanye supplementary Sasa maana ya Pass ni ninimnaojua vizuri nisaidieni plzz,neutral,matokeo ya masters mzumbe yametoka kwenye aris mtu amepata c kaandikiwa pass lakini anatakiwa afanye supplementary sasa maana ya pass ni ninimnaojua vizuri nisaidieni plzz,1
Mmetengewa kiasi cha Fedha kwa ajili ya Ujenzi mkubwa wa mradi wa maji ambao utarahisisha na kuwasaidia  Waziri Mkuu wa Jamhuri ya Muungano wa Tanzania,positive,mmetengewa kiasi cha fedha kwa ajili ya ujenzi mkubwa wa mradi wa maji ambao utarahisisha na kuwasaidia waziri mkuu wa jamhuri ya muungano wa tanzania,2
Huyu mtoto asaidiwe atendewe hak,neutral,huyu mtoto asaidiwe atendewe hak,1
Taarifa ya Habari ya ITV saa mbili usiku Februari 02 2020,neutral,taarifa ya habari ya itv saa mbili usiku februari,1
Siku Hizi Ni Deni Bro Kuna Jamaa Kaoa Last Month Ananidai Mchango wake hadi leo under Unajua Tulikopa Ndio Tufanikishe,neutral,siku hizi ni deni bro kuna jamaa kaoa last month ananidai mchango wake hadi leo under unajua tulikopa ndio tufanikishe,1
UZINDUZI UJENZI WA DARAJA LA KIGONGOBUSISI MKOANI MWANZA FUATILIA MATANGAZO HAYA HAPAgt,neutral,uzinduzi ujenzi wa daraja la kigongobusisi mkoani mwanza fuatilia matangazo haya hapagt,1
Tenda Wema nenda zako usingoje shukurani,positive,tenda wema nenda zako usingoje shukurani,2
Tuliandika andiko hili miaka kadhaa nyuma Ni wazi linauisho mpaka sasa Tunatamani ile nguvu iliyotumika kusema,neutral,tuliandika andiko hili miaka kadhaa nyuma ni wazi linauisho mpaka sasa tunatamani ile nguvu iliyotumika kusema,1
Sema una unafiki fulani wa kisenge sanaunachifichaga kwenye kivuli cha utani ila ipo siku itakukosti,negative,sema una unafiki fulani wa kisenge sanaunachifichaga kwenye kivuli cha utani ila ipo siku itakukosti,0
Baada ya kufanyiwa Treatment ya kwanza ndio yanatoka hapo yanaenda viwandani kwa treatment nyingine km Chemical teatment Na pia hayohayo yaliofanyiwa biological treatment yanaing,neutral,baada ya kufanyiwa treatment ya kwanza ndio yanatoka hapo yanaenda viwandani kwa treatment nyingine km chemical teatment na pia hayohayo yaliofanyiwa biological treatment yanaing,1
Utamu wa raha ni kujipa mwenyewe na huku ukijiachia kwa raha zako kupitia wakati huu mpaka saa,positive,utamu wa raha ni kujipa mwenyewe na huku ukijiachia kwa raha zako kupitia wakati huu mpaka saa,2
Utabiri wa Hali ya Hewa wa saa 24 zijazo kuanzia saa 3 usiku wa leo tarehe 28012019,positive,utabiri wa hali ya hewa wa saa zijazo kuanzia saa usiku wa leo tarehe,2
IKULUChamwino Taarifa ya IKULU Rais Samia Suluhu Hassan ameelekeza Kupunguzwa Kwa Tozo Zinazotozwa na Taasisi Mbalimbal,neutral,ikuluchamwino taarifa ya ikulu rais samia suluhu hassan ameelekeza kupunguzwa kwa tozo zinazotozwa na taasisi mbalimbal,1
Sisi MCL tunajivunia kuwa mstari wa mbele kuwawezesha waandishi wetu wa habari na ujuzi wa karne ya 21 Tumeanza mafunz,positive,sisi mcl tunajivunia kuwa mstari wa mbele kuwawezesha waandishi wetu wa habari na ujuzi wa karne ya tumeanza mafunz,2
Ni kweli You areca beautiful Woman sijui Girl hongera,positive,ni kweli you areca beautiful woman sijui girl hongera,2
AbdallahKwa Mwanza tunapatikana Mtaa wa Rwagasore karibu na Midrand Hotelnamba ya muwakilishi wetu ni 0779751325 Pia tunapatikana Mtaa wa uhuru Dampo namba ya muwakilishi wetu ni 0772552318 Na uwanja wa Nyamagana mwakilishi wetu anapatikana k,positive,abdallahkwa mwanza tunapatikana mtaa wa rwagasore karibu na midrand hotelnamba ya muwakilishi wetu ni pia tunapatikana mtaa wa uhuru dampo namba ya muwakilishi wetu ni na uwanja wa nyamagana mwakilishi wetu anapatikana k,2
Kinga ni kinga ya maisha ya familia yako wazazi au uwapendao endapo utapata janga la kifo au kwa baadhi ya bidhaa za bima h,positive,kinga ni kinga ya maisha ya familia yako wazazi au uwapendao endapo utapata janga la kifo au kwa baadhi ya bidhaa za bima h,2
China imetuma timu ya Watu wakiwemo Madaktari kwenda Korea Kaskazini kwa lengo la kutoa ushauri kuhusu afya ya Kim Jong Un,neutral,china imetuma timu ya watu wakiwemo madaktari kwenda korea kaskazini kwa lengo la kutoa ushauri kuhusu afya ya kim jong un,1
Waziri wa Afya Maendeleo ya Jamii Jinsia Wazee na Watoto Mhe akizindua maadhimisho ya wiki ya unyonyeshaji Dunian,neutral,waziri wa afya maendeleo ya jamii jinsia wazee na watoto mhe akizindua maadhimisho ya wiki ya unyonyeshaji dunian,1
Hii sio ya kukosa mtu wangu Zimebaki siku 2 mtu mmoja achomoke na ndinga mpya aina ya Renault KWID Umeshatupia mkeka wako Weka pesa kuanzia JERO kwa Tigo Pesa kisha bofya kubet uingie kwenye droo,neutral,hii sio ya kukosa mtu wangu zimebaki siku mtu mmoja achomoke na ndinga mpya aina ya renault kwid umeshatupia mkeka wako weka pesa kuanzia jero kwa tigo pesa kisha bofya kubet uingie kwenye droo,1
Au sio kaka MAINA maisha ni mapambano uuuuuuiii pang pang pa,neutral,au sio kaka maina maisha ni mapambano uuuuuuiii pang pang pa,1
Kukata Tamaa Ni Mwiko Kanji Tunamdai Hela Nyingi Sana Cha Leo Hichi  Games 5 Odds 10 Stake,neutral,kukata tamaa ni mwiko kanji tunamdai hela nyingi sana cha leo hichi games odds stake,1
Mazingira ni Afya mazingira ni uhai unapokuwa kwenye mazingira mazuri uzee uchelewa   Tuko Mbagala,positive,mazingira ni afya mazingira ni uhai unapokuwa kwenye mazingira mazuri uzee uchelewa tuko mbagala,2
Hii dunia ya ushindani sahivihadi Kanyewest anatoa hela ya promosio dunia ya wahenga hii,neutral,hii dunia ya ushindani sahivihadi kanyewest anatoa hela ya promosio dunia ya wahenga hii,1
Kuna wakati unahitaji mtu wa kuketi nae chini akuambie usihofu jitahidi unafanya vizuri tunaona juhudi zako na tunatarajia ut,positive,kuna wakati unahitaji mtu wa kuketi nae chini akuambie usihofu jitahidi unafanya vizuri tunaona juhudi zako na tunatarajia ut,2
Siku Hizi Mtu akiwa na Followers instagram na umaarufu kidogo Hata akinunua Saa mpya Anaweza kuita press conference na waandishi wa habari wanaenda eti,neutral,siku hizi mtu akiwa na followers instagram na umaarufu kidogo hata akinunua saa mpya anaweza kuita press conference na waandishi wa habari wanaenda eti,1
Mwenye kiburi hutaka makuu hata kama anakosea kitu si rahisi kukubaliana na uhalisia,neutral,mwenye kiburi hutaka makuu hata kama anakosea kitu si rahisi kukubaliana na uhalisia,1
Habari yako Limba Tunaomba usikate tamaa kwakuwa hiyo ni bahati nasibu na mtu yoyote anaweza kushinda hata yule alianza kucheza leo Hivyo basi tunakushauri endelea kucheza nasi yaweza kuwa wiki hii ikawa bahati yako LM,neutral,habari yako limba tunaomba usikate tamaa kwakuwa hiyo ni bahati nasibu na mtu yoyote anaweza kushinda hata yule alianza kucheza leo hivyo basi tunakushauri endelea kucheza nasi yaweza kuwa wiki hii ikawa bahati yako lm,1
Hapo ambapo mnapataja temeke isolation kwa ajili ya wagojwa wa corona unasema hakujajaaa how come wagojwa wawe 19 Basi natakwimu za tetesi za wagojwa zitolewe,negative,hapo ambapo mnapataja temeke isolation kwa ajili ya wagojwa wa corona unasema hakujajaaa how come wagojwa wawe basi natakwimu za tetesi za wagojwa zitolewe,0
Aussems Aeleza Hatma Ya Bocco Kwenye Penati Huku Simba Ikitua Lubumbashi Bofya kusoma zaidi,neutral,aussems aeleza hatma ya bocco kwenye penati huku simba ikitua lubumbashi bofya kusoma zaidi,1
Meko ni tapeli na MWIZI una kazi ya kujitapa hapa tuna hela sijui nini 6bn zinakutoa jasho mxxxx Lipa hela ya wakulima,negative,meko ni tapeli na mwizi una kazi ya kujitapa hapa tuna hela sijui nini bn zinakutoa jasho mxxxx lipa hela ya wakulima,0
Ahsante kwa kutembelea ukurasa wetu wa mitandao ya kijamii hakika tutazidi kukupa kile unachohitaji AhsanteOE,positive,ahsante kwa kutembelea ukurasa wetu wa mitandao ya kijamii hakika tutazidi kukupa kile unachohitaji ahsanteoe,2
The land of Kilimanjaro and Zanzibar,neutral,the land of kilimanjaro and zanzibar,1
Mkurugenzi Mtendaji wa Benki ya Equity T Robert Kiboti akitoa huduma kwa mmoja wa wateja waliofika kwa ajili ya kupata,neutral,mkurugenzi mtendaji wa benki ya equity t robert kiboti akitoa huduma kwa mmoja wa wateja waliofika kwa ajili ya kupata,1
Happy Birthday Bro Mungu Azidi Kukubariki Kila Iitwapo Leo,positive,happy birthday bro mungu azidi kukubariki kila iitwapo leo,2
Eti shule zinafelisha Iv ni wanafunzi ndoo tatzo ama shule Shule nini Na kwanini shule zingne wanafunzi wanafaulu,neutral,eti shule zinafelisha iv ni wanafunzi ndoo tatzo ama shule shule nini na kwanini shule zingne wanafunzi wanafaulu,1
Don tunaomba ufahamu kuwa muunganiko huu hautaathiri taratibu za kutoa hudumakwani utaendelea kupata huduma zetu bora kama kawaida bila usumbufu wowote Ahsante,neutral,don tunaomba ufahamu kuwa muunganiko huu hautaathiri taratibu za kutoa hudumakwani utaendelea kupata huduma zetu bora kama kawaida bila usumbufu wowote ahsante,1
Ktk makosa 3 ya kutoa nyaraka za uongo mshitakiwa atatumikia kifungo cha miaka 5 jela kwa kila kosa Makosa 14 ya kujipatia fedha kwa njia ya udanganyifu ni miaka 6 jela kwa kila kosa Hakimu alisema adhabu hizo zitaenda kwa,negative,ktk makosa ya kutoa nyaraka za uongo mshitakiwa atatumikia kifungo cha miaka jela kwa kila kosa makosa ya kujipatia fedha kwa njia ya udanganyifu ni miaka jela kwa kila kosa hakimu alisema adhabu hizo zitaenda kwa,0
PICHA Mbunge wa Kilombero Peter Lijualikali akitoka leo katika gereza la Ukonga baada ya Mahakama Kuu kufuta hukumu,neutral,picha mbunge wa kilombero peter lijualikali akitoka leo katika gereza la ukonga baada ya mahakama kuu kufuta hukumu,1
Wolves watalinda ushindi wa goli 40 na kufuzu hatua inayofuata Europa League Bet kwa Odds kali ulipwe Papo Hapo Bet,neutral,wolves watalinda ushindi wa goli na kufuzu hatua inayofuata europa league bet kwa odds kali ulipwe papo hapo bet,1
Nchi 120 zinaunga mkono mkataba wa Roma na mahakama ya kimataifa ya uhalifu  Mwaka huu ni miaka 20 tangu kuridhiwa kwa Fahamu zaidi kazi za,positive,nchi zinaunga mkono mkataba wa roma na mahakama ya kimataifa ya uhalifu mwaka huu ni miaka tangu kuridhiwa kwa fahamu zaidi kazi za,2
Aisee bro life ni gumu sanaa kitaaa unaweza fikiria mambo yasiyofikirika yani acha tuombe mungu labda barak,negative,aisee bro life ni gumu sanaa kitaaa unaweza fikiria mambo yasiyofikirika yani acha tuombe mungu labda barak,0
Pole kwa tatizotunaomba namba yako DM kwa msaada zaidi,neutral,pole kwa tatizotunaomba namba yako dm kwa msaada zaidi,1
Ikiwa hawa wengine wenye magonjwa haya adimu wameweza kufanikiwa na kujitengenezea umaarufu kwa nini isiwe hivyo kwa,positive,ikiwa hawa wengine wenye magonjwa haya adimu wameweza kufanikiwa na kujitengenezea umaarufu kwa nini isiwe hivyo kwa,2
Endelea kuzihesabu zinaweza kuwa chache au zaidi ya hapoTL,neutral,endelea kuzihesabu zinaweza kuwa chache au zaidi ya hapotl,1
Mwigulu nchemba waziri wa Fedha anasema kuwahakikishia watanzania wote kuwa gawio hili tutalitumia kuwaletea maendeleo,positive,mwigulu nchemba waziri wa fedha anasema kuwahakikishia watanzania wote kuwa gawio hili tutalitumia kuwaletea maendeleo,2
unavyoweza kujiunga kulingana na matumizi yako na thamani ya pesa yako tafadhali tufahamishe ikiwa una suala lolote kuhusu huduma zetu,neutral,unavyoweza kujiunga kulingana na matumizi yako na thamani ya pesa yako tafadhali tufahamishe ikiwa una suala lolote kuhusu huduma zetu,1
Habari Mandela tunaomba ufike dukani kwetu kwa msaada zaidi,positive,habari mandela tunaomba ufike dukani kwetu kwa msaada zaidi,2
Ahsante kwa kuwasiliana nasi Pole sana kwa changamoto uliyoipata Tunapenda kukufahamisha kuwa wateja wote walipewa MB 300 kama pole lakini pia tuliweza kuwarudishia vifurushi vyao walivyojiunga na kushindwa kuvitumia kwa siku husika kama,neutral,ahsante kwa kuwasiliana nasi pole sana kwa changamoto uliyoipata tunapenda kukufahamisha kuwa wateja wote walipewa mb kama pole lakini pia tuliweza kuwarudishia vifurushi vyao walivyojiunga na kushindwa kuvitumia kwa siku husika kama,1
Simba wa Bidhaa zinazodumu Na imara Ndiyo Jina sahihi Kwetu  Sisi Ni wauzaji Wa Dustbin Kwa mahitaji ya Nyumbani  m,neutral,simba wa bidhaa zinazodumu na imara ndiyo jina sahihi kwetu sisi ni wauzaji wa dustbin kwa mahitaji ya nyumbani m,1
Ni muda muafaka sasa wa kutofautisha jengo la shule na elimu kama elimu inaweza kutolewa chini ya mwembe basi inaweza ku,neutral,ni muda muafaka sasa wa kutofautisha jengo la shule na elimu kama elimu inaweza kutolewa chini ya mwembe basi inaweza ku,1
Habaritunaomba radhi kwa usumbufu wowote uliojitokezatunakuomba utupatie namba zako za simu DM tafadhali hm,positive,habaritunaomba radhi kwa usumbufu wowote uliojitokezatunakuomba utupatie namba zako za simu dm tafadhali hm,2
Niwatu wenye maendeleo mtandaoni ila ukija na uhalisia wao ni zero,positive,niwatu wenye maendeleo mtandaoni ila ukija na uhalisia wao ni zero,2
TTCL Makao Makuu yazindua eneo jipya la Mapokezi Ni Reception Bab kubwa Wateja kuendelea kupewa kipaumbele katika mi,positive,ttcl makao makuu yazindua eneo jipya la mapokezi ni reception bab kubwa wateja kuendelea kupewa kipaumbele katika mi,2
Ndio Tunaweza kujihisi tuna umuhimu sana katika maisha ya watu tukaamini bila sisi mambo yao hayawezi kwenda Tunajawa na,neutral,ndio tunaweza kujihisi tuna umuhimu sana katika maisha ya watu tukaamini bila sisi mambo yao hayawezi kwenda tunajawa na,1
Tumekazana na uchimbaji tu tunasheherekea tunapochimba Vito vikubwa lakini je kwa upande wa mazingira tumewekaje Tunaimali,neutral,tumekazana na uchimbaji tu tunasheherekea tunapochimba vito vikubwa lakini je kwa upande wa mazingira tumewekaje tunaimali,1
Habari Asante sana kwa mrejesho wako tutaufanyia kazi Asante,negative,habari asante sana kwa mrejesho wako tutaufanyia kazi asante,0
Fahamu sababu hatarishi za saratani ya matiti,neutral,fahamu sababu hatarishi za saratani ya matiti,1
Uonevu wa kimtandao na uvujishwaji wa pichavideo za utupu ni sehemu ya kutengeneza kovu kwenye afya ya akili,negative,uonevu wa kimtandao na uvujishwaji wa pichavideo za utupu ni sehemu ya kutengeneza kovu kwenye afya ya akili,0
Uhuru MichezoKikosi cha Timu ya Taifa ya Soka la ufukweni kilichotangazwa leo kujiandaa na Fainali za Africa zitakazofanyika nchini Misri mwezi Disemba mwaka huu 2018,neutral,uhuru michezokikosi cha timu ya taifa ya soka la ufukweni kilichotangazwa leo kujiandaa na fainali za africa zitakazofanyika nchini misri mwezi disemba mwaka huu,1
Uhuru Michezo Klabu ingependa kumshukuru Jose kwa kazi yake kipindi ambacho amekuwepo Manchester United na inamtakia kila la heri siku za usoni  Manchester United,neutral,uhuru michezo klabu ingependa kumshukuru jose kwa kazi yake kipindi ambacho amekuwepo manchester united na inamtakia kila la heri siku za usoni manchester united,1
Kuwa na magari zaidi ya manne parking na nyumba ya ghorofa moja na watoto wanasoma chuo nje,neutral,kuwa na magari zaidi ya manne parking na nyumba ya ghorofa moja na watoto wanasoma chuo nje,1
Weekend hii bata linaliwa Arusha na wanetu wanahakikisha tunashea ndinga mpaka chugakama una gari na unataka raia wakwenda nao ingia ujiandikishe,neutral,weekend hii bata linaliwa arusha na wanetu wanahakikisha tunashea ndinga mpaka chugakama una gari na unataka raia wakwenda nao ingia ujiandikishe,1
WAKANDARASI WA UMEME VIJIJINI WAAGIZWA KUMALIZA KAZI DISEMBA 31 Waziri wa Nishati Dkt Medard Kalemani ameagiza kuwa wakandarasi wa umeme vijijini wenye mikataba wahakikishe kuwa wanamaliza kazi za,neutral,wakandarasi wa umeme vijijini waagizwa kumaliza kazi disemba waziri wa nishati dkt medard kalemani ameagiza kuwa wakandarasi wa umeme vijijini wenye mikataba wahakikishe kuwa wanamaliza kazi za,1
Wachezaji wengi hawapendi mahojiano inatokea tu na mazingira ya soka la Tanzania ndiyo maana wachezaji wengi hawawezi kufa,neutral,wachezaji wengi hawapendi mahojiano inatokea tu na mazingira ya soka la tanzania ndiyo maana wachezaji wengi hawawezi kufa,1
Tafadhali piga 14700 au 14800 chagua saizi siku wikimwezi au Halichachi kupata vifurushi vyetu vilivyoboreshwa zaidi kwa sasa,neutral,tafadhali piga au chagua saizi siku wikimwezi au halichachi kupata vifurushi vyetu vilivyoboreshwa zaidi kwa sasa,1
Furaha amani na faraja ni nguzo muhimu katika maendelo ya jamii yetu kwa kulitambua hilo wapo pamoja na wanaj,positive,furaha amani na faraja ni nguzo muhimu katika maendelo ya jamii yetu kwa kulitambua hilo wapo pamoja na wanaj,2
Tukifika mahali wana wakishindwa kutoa mawazo huru ndani ya chamawatatoa mawazo hayo nje ya chama  Kinan,neutral,tukifika mahali wana wakishindwa kutoa mawazo huru ndani ya chamawatatoa mawazo hayo nje ya chama kinan,1
Itakayokupendeza Basi usisite kuwasiliana nasi kwa Namba 0682793777 Kindly,neutral,itakayokupendeza basi usisite kuwasiliana nasi kwa namba kindly,1
Nikikuta Daktari anamtosa ada ya Matibabu mzee ntalala nae mbele,neutral,nikikuta daktari anamtosa ada ya matibabu mzee ntalala nae mbele,1
MubarakMohamed tunashukuru kwa ushauri na endelea kuwa nasi,positive,mubarakmohamed tunashukuru kwa ushauri na endelea kuwa nasi,2
Maadhimisho ya siku ya maadili na haki za binadamuSerikali haitomvumilia kiongozi yeyote atakayekiuka misingi hiyo katika utendaji wakeSoma Zaidi gtgt,positive,maadhimisho ya siku ya maadili na haki za binadamuserikali haitomvumilia kiongozi yeyote atakayekiuka misingi hiyo katika utendaji wakesoma zaidi gtgt,2
Suala la Maiti kutozwa fedha lililoibuliwa Bungeni na Mhe Mbunge wa Mbeya mjini Chadema jana Februari 1,negative,suala la maiti kutozwa fedha lililoibuliwa bungeni na mhe mbunge wa mbeya mjini chadema jana februari,0
Kuna mwamba humu ndani yuko nondo balaa kwenye mambo ya anaitwa ukipata wasaha em pitia page yake maa,positive,kuna mwamba humu ndani yuko nondo balaa kwenye mambo ya anaitwa ukipata wasaha em pitia page yake maa,2
Je wajua Asali haiharibiki haichachi unaweza kula asali iliyo kaa miaka zaidi ya 3000 Chukua Hiyo kama hukua unajua,neutral,je wajua asali haiharibiki haichachi unaweza kula asali iliyo kaa miaka zaidi ya chukua hiyo kama hukua unajua,1
Nalipa afu Namwambia konda chenchi mrudishie yule Dada ili tukishuka tu Mada inaanza vp chechi alikurudishia lkn afu maxungumzo yanaendelea Tuna Rematch,neutral,nalipa afu namwambia konda chenchi mrudishie yule dada ili tukishuka tu mada inaanza vp chechi alikurudishia lkn afu maxungumzo yanaendelea tuna rematch,1
Asante kwa Maoni mteja wetu tumeyapokea,positive,asante kwa maoni mteja wetu tumeyapokea,2
Habari Alawi Asante kwa kutuandikia katika ukurasa wetu na pole kwa changamoto hiyo tafadhali tuandikie namba ya kadi kwa msaadaBahati,neutral,habari alawi asante kwa kutuandikia katika ukurasa wetu na pole kwa changamoto hiyo tafadhali tuandikie namba ya kadi kwa msaadabahati,1
Leo Januari 03 2020 Makamu Mwenyekiti wa Kanda ya Pwani Mhe akiaga mwili wa Bi Verdiana Mu,negative,leo januari makamu mwenyekiti wa kanda ya pwani mhe akiaga mwili wa bi verdiana mu,0
Tafadhali tupatie akaunti namba yako majina kiasi ambacho ulikatwa kwenye kisanduku cha ujumbe Inbox kwa msaada zaidi CM,positive,tafadhali tupatie akaunti namba yako majina kiasi ambacho ulikatwa kwenye kisanduku cha ujumbe inbox kwa msaada zaidi cm,2
QR code ni namba za kufanya malipo kwa kutumia simu aina ya smartAndroidFJ,neutral,qr code ni namba za kufanya malipo kwa kutumia simu aina ya smartandroidfj,1
Convo ya 2019 nimezungumza na Manzi anasema uliscreenshot kwenye simu yake kipindi nilishamalizana naye mnada,neutral,convo ya nimezungumza na manzi anasema uliscreenshot kwenye simu yake kipindi nilishamalizana naye mnada,1
Rafiki Fanya wema bila kuchoka mshahara wa Mungu hauna tarehe atakulipa kwa wakati wake Inshallah,positive,rafiki fanya wema bila kuchoka mshahara wa mungu hauna tarehe atakulipa kwa wakati wake inshallah,2
Habari Ahsante kuwasiliana nasi Pole kwa tatizo lililokukuta Tunapenda kikufahamisha kuwa vifurushi vyetu vya internet vimegawanywa kwa GB za mchana na usiku Mfano 10GB 3GB mchana na 7GB usiku na pia kifurushi kinaisha kutokana na ma,neutral,habari ahsante kuwasiliana nasi pole kwa tatizo lililokukuta tunapenda kikufahamisha kuwa vifurushi vyetu vya internet vimegawanywa kwa gb za mchana na usiku mfano gb gb mchana na gb usiku na pia kifurushi kinaisha kutokana na ma,1
Tunaendelea kukumbushana hiyo Alphard kwenye video ndo hii hapa kabla ya matengenezo kazi wamefanya hawa htt,neutral,tunaendelea kukumbushana hiyo alphard kwenye video ndo hii hapa kabla ya matengenezo kazi wamefanya hawa htt,1
Zaidi ya asilimia 60 ya chakula kinachozalishwa Tanzania kinatoka nyanda za juu Kusini SAGGOT,neutral,zaidi ya asilimia ya chakula kinachozalishwa tanzania kinatoka nyanda za juu kusini saggot,1
Habariasante kwa kutuandikiatawi la NMB Mlimani city litakuwa wazi mpaka saa kumi jionihm,positive,habariasante kwa kutuandikiatawi la nmb mlimani city litakuwa wazi mpaka saa kumi jionihm,2
GULAMALI SMA A inabeba laini 2 inatakiwa kuweka line 1 Zantel na line nyengine uipendayo Tafadhali Jitahidi uwe na line ya Zantel ili upate 12GB za bure kwa mwaka mzima,positive,gulamali sma a inabeba laini inatakiwa kuweka line zantel na line nyengine uipendayo tafadhali jitahidi uwe na line ya zantel ili upate gb za bure kwa mwaka mzima,2
KIMATAIFA Wachunguzi wa ajali za ndege wa nchini Ufaransa wamesema wanaendelea kufanyia kazi uchunguzi wa kisanduki cheusi Black Boxes cha ndege iliyopata ajali wiki iliyopita ya,neutral,kimataifa wachunguzi wa ajali za ndege wa nchini ufaransa wamesema wanaendelea kufanyia kazi uchunguzi wa kisanduki cheusi black boxes cha ndege iliyopata ajali wiki iliyopita ya,1
Je inaweza kuwa Desturi Nzuri katika Jamii yetu Kila mzazi Kuandika historia ya Maisha yake katika kitabu ili kizazi chake kupitia mgongo wake wapate kujifunza mengi kupitia yeye Kama ikifanikiwa hilo basi yatupasa tutengeneze Hadithi Nzuri,neutral,je inaweza kuwa desturi nzuri katika jamii yetu kila mzazi kuandika historia ya maisha yake katika kitabu ili kizazi chake kupitia mgongo wake wapate kujifunza mengi kupitia yeye kama ikifanikiwa hilo basi yatupasa tutengeneze hadithi nzuri,1
naomba mtoe kauli ya kuzikataa hela za Meko Hawezi akatutesa hivi halafu anakuja msibani kujifanya an,negative,naomba mtoe kauli ya kuzikataa hela za meko hawezi akatutesa hivi halafu anakuja msibani kujifanya an,0
Muwe mnafunga milango ya store haya house girl kapita na bia ya baba  Furahini Day,neutral,muwe mnafunga milango ya store haya house girl kapita na bia ya baba furahini day,1
Bashiru aonya wanaolumbana CCM gt,neutral,bashiru aonya wanaolumbana ccm gt,1
Kwa muda mrefu sana wazazi wenye watoto wenye magonjwa adimu wamelazimika kuvumilia mateso ya watoto wao na kuishi na,negative,kwa muda mrefu sana wazazi wenye watoto wenye magonjwa adimu wamelazimika kuvumilia mateso ya watoto wao na kuishi na,0
Jackson Stephen Mdima Ahsante sana kwa kuwasiliana nasi endelea kufurahia huduma zetu,neutral,jackson stephen mdima ahsante sana kwa kuwasiliana nasi endelea kufurahia huduma zetu,1
Ebana eeh walimu wamefunguka,neutral,ebana eeh walimu wamefunguka,1
Je wajua Binadamu huzaliwa na mifupa 300 lakini anavyokua mtu mzima mifupa hiyo hupungua na kifikia mifupa 206 kutoka,neutral,je wajua binadamu huzaliwa na mifupa lakini anavyokua mtu mzima mifupa hiyo hupungua na kifikia mifupa kutoka,1
Maamuzi Magumu ni kumhonga girlfriend wako laki 3 ya kununua wigi wakati Baba yako aliomba 10000 ya LUKU nyumbani kwen,negative,maamuzi magumu ni kumhonga girlfriend wako laki ya kununua wigi wakati baba yako aliomba ya luku nyumbani kwen,0
Jumuiya ya Wabunge Wanawake wa Bunge la Jamhuri ya Muungano wa Tanzania mapema jana katika harambee walioanzisha ya kumkomboa mtoto wa kike kupata stara kwa kuchangisha ujenzi wa,positive,jumuiya ya wabunge wanawake wa bunge la jamhuri ya muungano wa tanzania mapema jana katika harambee walioanzisha ya kumkomboa mtoto wa kike kupata stara kwa kuchangisha ujenzi wa,2
Mnajua nyie wasichana Tatizo sio vijana wanakosa nguvu za kiume tatizo ni wasichana mnapita kweny mik,negative,mnajua nyie wasichana tatizo sio vijana wanakosa nguvu za kiume tatizo ni wasichana mnapita kweny mik,0
Waliotakiwa kushtakiwa kwa ugaidi ndo wamevaa uniform zenye bendera ya taifa shameless twats,negative,waliotakiwa kushtakiwa kwa ugaidi ndo wamevaa uniform zenye bendera ya taifa shameless twats,0
Haward Bei ya SMA A ni tsh 39999 tuKwa Mbeya tunapatikana kituo cha basi cha Mwanjelwa karibu na Soko jipya pia unaweza kuwasiliana na mwakilishi wetu kwa simu namba 0777303000 atakusaidia Karibu tukuhudumie,neutral,haward bei ya sma a ni tsh tukwa mbeya tunapatikana kituo cha basi cha mwanjelwa karibu na soko jipya pia unaweza kuwasiliana na mwakilishi wetu kwa simu namba atakusaidia karibu tukuhudumie,1
Sio kwamba wanafanya ivyo kwa sababu yule mtoto ni wa kwaowewe hauna maamuzi nae,neutral,sio kwamba wanafanya ivyo kwa sababu yule mtoto ni wa kwaowewe hauna maamuzi nae,1
Takukuru Lugola na wenzake makosa yao yameangukia kwenye uhujumu uchumi  Wakati sheria ya Uhujumu Uchumi inatungwa,positive,takukuru lugola na wenzake makosa yao yameangukia kwenye uhujumu uchumi wakati sheria ya uhujumu uchumi inatungwa,2
Kukaa na kulala kiasi ni vizuri kwa afya yako vitu hivi ukivizidisha kwa kiasi kikubwa husababisha kifo cha mapema,neutral,kukaa na kulala kiasi ni vizuri kwa afya yako vitu hivi ukivizidisha kwa kiasi kikubwa husababisha kifo cha mapema,1
Tanzania imefungua rasmi ubalozi wake mjini Tel Aviv nchini Israel Waziri wa Mambo ya Nje na Uhusuani wa Afrika Mashariki Dkt Augustine Mahiga ameshiriki uzinduzi huo uliofanyika nchini Israel,positive,tanzania imefungua rasmi ubalozi wake mjini tel aviv nchini israel waziri wa mambo ya nje na uhusuani wa afrika mashariki dkt augustine mahiga ameshiriki uzinduzi huo uliofanyika nchini israel,2
okay tunakutakia siku njema tigo live itlove it,positive,okay tunakutakia siku njema tigo live itlove it,2
Siku kabla haijaisha nikapata order ya package ya Abaya Color Maroon Size 56 Package kwa rafiki ake mteja wangu wa humu,neutral,siku kabla haijaisha nikapata order ya package ya abaya color maroon size package kwa rafiki ake mteja wangu wa humu,1
Kuna sehemu umenifurahisha sanaaiseeh kuna magodoro unaeza lala na ataticha acjue km kuna mtunilikuwa naamka saa 2na patron akipitisha patro anioni mpk wakawa wanasema vp unadawa nn,positive,kuna sehemu umenifurahisha sanaaiseeh kuna magodoro unaeza lala na ataticha acjue km kuna mtunilikuwa naamka saa na patron akipitisha patro anioni mpk wakawa wanasema vp unadawa nn,2
Na kwenye Michezo Magazeti yameandika Hivikatika Habari Kuu,neutral,na kwenye michezo magazeti yameandika hivikatika habari kuu,1
VIDEO Mkuu wa mkoa wa Dar Paul Makonda namna wawawake wajane wanavyanyashwa na baada ya kufiwa na waume zaogtgtgt,negative,video mkuu wa mkoa wa dar paul makonda namna wawawake wajane wanavyanyashwa na baada ya kufiwa na waume zaogtgtgt,0
Binafsi namshukuru sana Mungu kwa kunifanya ni jumuike na miongoni mwa wanawake wachapakazi wa benk ya NMB tawi la C,positive,binafsi namshukuru sana mungu kwa kunifanya ni jumuike na miongoni mwa wanawake wachapakazi wa benk ya nmb tawi la c,2
Yuko RUMANDE miaka 2 bila ya uchunguzi kukamilika na lazim apewe RUKHSA kuleta maombi mahakamani awe HURU Bora uwe MFUNG,negative,yuko rumande miaka bila ya uchunguzi kukamilika na lazim apewe rukhsa kuleta maombi mahakamani awe huru bora uwe mfung,0
UMUHIMU WA TAARIFA ZA HALI YA HEWA KATIKA SEKTA YA UTALII,neutral,umuhimu wa taarifa za hali ya hewa katika sekta ya utalii,1
Dawa ya MITUSI huu utaratibu ukiletwa hapa TL unadhani nani atakuwa muhanga,neutral,dawa ya mitusi huu utaratibu ukiletwa hapa tl unadhani nani atakuwa muhanga,1
Kuna maneno gani ushawahi kuyasikia kuhusu mwenge wa uhuru na ujawahi kuamin mpk ss MimiHuo mwenge kuuzima mpk uende mlima kilimanjaro,neutral,kuna maneno gani ushawahi kuyasikia kuhusu mwenge wa uhuru na ujawahi kuamin mpk ss mimihuo mwenge kuuzima mpk uende mlima kilimanjaro,1
Hakuna kitu ambayo ilikuwa anakaa kichwani haraka kama Cheat Mara daaah,neutral,hakuna kitu ambayo ilikuwa anakaa kichwani haraka kama cheat mara daaah,1
Mwanangu alinicheck jana akasema niwadondoshee mchongoKindly   yawezekana yupo kwenye TL yako,neutral,mwanangu alinicheck jana akasema niwadondoshee mchongokindly yawezekana yupo kwenye tl yako,1
Habari Ahsante kwa kuwasiliana nasi Naomba kufahamu sehemu ya tatizo lako kwa msaada zaidi SC,positive,habari ahsante kwa kuwasiliana nasi naomba kufahamu sehemu ya tatizo lako kwa msaada zaidi sc,2
Instagram ukitumia Emoj hii Wanaweza kufungua account yako au kuifuta kabisa maana hiyo Emoj inasimama kuashiria kama alama ya CHUKI hivi,neutral,instagram ukitumia emoj hii wanaweza kufungua account yako au kuifuta kabisa maana hiyo emoj inasimama kuashiria kama alama ya chuki hivi,1
Uroda mnawapa wengine sisi mnatumention kwenye tweets za kutumiwa hela Kila Mtu ale anapopeleka Mboga,neutral,uroda mnawapa wengine sisi mnatumention kwenye tweets za kutumiwa hela kila mtu ale anapopeleka mboga,1
ALHAMDULILAH TUMEPANDA TENA Nimepanda hadi nafasi ya 13 kwenye viwango vya ubora duniani kutoka nafasi ya 24  N,positive,alhamdulilah tumepanda tena nimepanda hadi nafasi ya kwenye viwango vya ubora duniani kutoka nafasi ya n,2
Sisi piahakika nyie ndio mlikua wapinzani haswa Tunashukuru pia tunategemea kuonana siku za usoni zaidi na zaidi,positive,sisi piahakika nyie ndio mlikua wapinzani haswa tunashukuru pia tunategemea kuonana siku za usoni zaidi na zaidi,2
Frank tafadhali tutumie taarifa za akaunti yako kupitia ujumbe mfupi DM kwa msaada zaidi MC,positive,frank tafadhali tutumie taarifa za akaunti yako kupitia ujumbe mfupi dm kwa msaada zaidi mc,2
Ushauri mzuriasante kwa kutuandikia,positive,ushauri mzuriasante kwa kutuandikia,2
Safi kwa kumpa maneno ya faraja support ni kitu muhimu sananakumbuka marehemu Kanumba alichekwa kwa kuongea broken English na wakijua kabisa lugha yetu ni kiswahili,neutral,safi kwa kumpa maneno ya faraja support ni kitu muhimu sananakumbuka marehemu kanumba alichekwa kwa kuongea broken english na wakijua kabisa lugha yetu ni kiswahili,1
omba Mungu asikunyime ukame wa kuwa na marafiki ambao hawachoki kulitaja jina lako kwenye vyumba vilivyojaa fursa,positive,omba mungu asikunyime ukame wa kuwa na marafiki ambao hawachoki kulitaja jina lako kwenye vyumba vilivyojaa fursa,2
Mchango wa sekta binafsi Kufanya tafiti zenye taarifa za kina Kujenga uwezo na uelewa Uchechemuzi unaozingatia taarifa,neutral,mchango wa sekta binafsi kufanya tafiti zenye taarifa za kina kujenga uwezo na uelewa uchechemuzi unaozingatia taarifa,1
Nimekutana na wana toi wanalalamika eti Haya mademu hayalewi yamemaliza wine 2na yanataka choma Boichild anapitia mengi sana,neutral,nimekutana na wana toi wanalalamika eti haya mademu hayalewi yamemaliza wine na yanataka choma boichild anapitia mengi sana,1
Mpigapicha Daniel Msirikale kutoka ameshinda tuzo ya mpigapicha bora 2019 Safal Eye in the Wild Photography,neutral,mpigapicha daniel msirikale kutoka ameshinda tuzo ya mpigapicha bora safal eye in the wild photography,1
Dira ya Madini Africa awamu ya 5 imelenga mambo mawili Mnyororo wa maamuzi Mnyororo wa thamani Mtafiti  Dr Josephat Consiane,neutral,dira ya madini africa awamu ya imelenga mambo mawili mnyororo wa maamuzi mnyororo wa thamani mtafiti dr josephat consiane,1
Leo Januari 20 2020 ndiyo mwisho wa zoezi la usajili wa laini kwa alama za vidole baada ya kuongezwa siku 20 na R,positive,leo januari ndiyo mwisho wa zoezi la usajili wa laini kwa alama za vidole baada ya kuongezwa siku na r,2
Na umetuma shilingi ngapi kutoka namba gani kwenda namba gani kwa msaada zaidiSuzy,neutral,na umetuma shilingi ngapi kutoka namba gani kwenda namba gani kwa msaada zaidisuzy,1
Mabishano ya mashabiki Simba Yanga kuelekea mechi ya watani via,neutral,mabishano ya mashabiki simba yanga kuelekea mechi ya watani via,1
Babe wako akiwa comfortable zaidi kujipost yupo na ma bestie wa opposite sex kuliko akiwa na wewe wewe kama wewe unachukuliajeeeee etii,neutral,babe wako akiwa comfortable zaidi kujipost yupo na ma bestie wa opposite sex kuliko akiwa na wewe wewe kama wewe unachukuliajeeeee etii,1
Serikali ina mifumo mizuri na shirikishi kwa Vijana ila sisi kama vijana hatujachukua hatua ya kujihusisha na mifumo hi,positive,serikali ina mifumo mizuri na shirikishi kwa vijana ila sisi kama vijana hatujachukua hatua ya kujihusisha na mifumo hi,2
Je wajua Matatizo ya macho hususani kwa mtu ambaye hawezi kuona mbali inahusishwa kutokana kuwa na uwezo mkubwa wa akili,neutral,je wajua matatizo ya macho hususani kwa mtu ambaye hawezi kuona mbali inahusishwa kutokana kuwa na uwezo mkubwa wa akili,1
Baada ya miezi miwili Januari 2020 Zadok Prescott alitengeneza App inaoitwa Piki ilikuwa inafanya kazi ile ile na kwa baha,neutral,baada ya miezi miwili januari zadok prescott alitengeneza app inaoitwa piki ilikuwa inafanya kazi ile ile na kwa baha,1
VIDEOMuunganiko wa video za wapishi wakifanya ufundi namna ya wanavyopika video hiyo ilitikisa mitandaoni nchini China,neutral,videomuunganiko wa video za wapishi wakifanya ufundi namna ya wanavyopika video hiyo ilitikisa mitandaoni nchini china,1
Hivi ukiambiwa na mke wako wewe ni mwanaume gani nakulisha kila siku sasa nina mwanaume mwingine anataka kunioa unamfan,negative,hivi ukiambiwa na mke wako wewe ni mwanaume gani nakulisha kila siku sasa nina mwanaume mwingine anataka kunioa unamfan,0
Daladala zinawezaje kupunguza foleni kwa kupita kwenye miundombinu ya mwendokasi na zitatumia vituo gani,neutral,daladala zinawezaje kupunguza foleni kwa kupita kwenye miundombinu ya mwendokasi na zitatumia vituo gani,1
Watoto wa Kike wana maoni gani kuhusu majukwaa ya kidijitali na matumizi yake,neutral,watoto wa kike wana maoni gani kuhusu majukwaa ya kidijitali na matumizi yake,1
Katika ofisi za Leo tukijadiliana na walimu wa shule 10 za Sekondari na Msingi kufuatia muendelezo wa maazimio ya,neutral,katika ofisi za leo tukijadiliana na walimu wa shule za sekondari na msingi kufuatia muendelezo wa maazimio ya,1
Kuna siku nilikutana na wewe somewhere niko mzigoni ukanipa faraja pole na kazi kuna kitu ndani yako Insaallah,positive,kuna siku nilikutana na wewe somewhere niko mzigoni ukanipa faraja pole na kazi kuna kitu ndani yako insaallah,2
condom huzuia mimba zisizotarajiwa na haliyakuwa mnajamiana tuachane na hilo condom pia inakukinga na maambuki,neutral,condom huzuia mimba zisizotarajiwa na haliyakuwa mnajamiana tuachane na hilo condom pia inakukinga na maambuki,1
Mfahamu 0kb virus na namna ya kupambana nae Katika matumizi ya kila siku ya kompyuta yako pengine umewahi kukutana na kir,neutral,mfahamu kb virus na namna ya kupambana nae katika matumizi ya kila siku ya kompyuta yako pengine umewahi kukutana na kir,1
Leo tumezindua rasmi Maadhimisho ya wiki ya Huduma kwa mteja katika tawi letu la MwengeDSM Tumeongeza muda wa utoaji h,neutral,leo tumezindua rasmi maadhimisho ya wiki ya huduma kwa mteja katika tawi letu la mwengedsm tumeongeza muda wa utoaji h,1
Nakukumbusha matumizi Ya dawa za Dharura za uzazi wa mpango P2 yanaweza kusababisha ukawahi kuona hedhi kabla ya muda n,negative,nakukumbusha matumizi ya dawa za dharura za uzazi wa mpango p yanaweza kusababisha ukawahi kuona hedhi kabla ya muda n,0
Wateja wetu ndio biashara yetu vilevile ndio nguvu yetu Mtoto wako anasoma Tuition wapi tunatoa huduma,neutral,wateja wetu ndio biashara yetu vilevile ndio nguvu yetu mtoto wako anasoma tuition wapi tunatoa huduma,1
Ukiangalia kete za mama kila atakayo gusa analiwahaihusiani na kesi ya FAM kweli,neutral,ukiangalia kete za mama kila atakayo gusa analiwahaihusiani na kesi ya fam kweli,1
Waziri Mkuu Mh amewataka Mawaziri na Naibu Mawaziri kujiepusha na utoaji wa matamko yasiyotekelezeka ili kuepuka mikanganyiko Serikalini,neutral,waziri mkuu mh amewataka mawaziri na naibu mawaziri kujiepusha na utoaji wa matamko yasiyotekelezeka ili kuepuka mikanganyiko serikalini,1
Mungu akusimamie kamanda Kwa support kama hizo mtu anaamua kuunga mkono juhudi tena kwa hoja dhaifu kabsa Laana,neutral,mungu akusimamie kamanda kwa support kama hizo mtu anaamua kuunga mkono juhudi tena kwa hoja dhaifu kabsa laana,1
RC Geita Robert Gabriel amepandisha Bendera ya robo tatu mlingoti ikiwa ni kiashiria kuwa bado kuna Kaya hazi,neutral,rc geita robert gabriel amepandisha bendera ya robo tatu mlingoti ikiwa ni kiashiria kuwa bado kuna kaya hazi,1
Kuna brother etu alitajiwa mazaga huko kaskazini mashariki hadi baadhi ya ndugu wa Mke wakainuka kumtetea Mmeona sab,negative,kuna brother etu alitajiwa mazaga huko kaskazini mashariki hadi baadhi ya ndugu wa mke wakainuka kumtetea mmeona sab,0
Spika wa Bunge Job Ndugai amesema madai ya Mbunge wa Singida Mashariki Tundu Lissu kuwa Bunge halijamlipa fedha zozote tangu ashambuliwe hayana ukweli Tazama zaidi gtgt,negative,spika wa bunge job ndugai amesema madai ya mbunge wa singida mashariki tundu lissu kuwa bunge halijamlipa fedha zozote tangu ashambuliwe hayana ukweli tazama zaidi gtgt,0
Spika wa Bunge aliposhiriki Mkutano wa Jukwaa la Maspika wa Mabunge ya nchi za Afrika Mashariki uliofanyika Arusha,positive,spika wa bunge aliposhiriki mkutano wa jukwaa la maspika wa mabunge ya nchi za afrika mashariki uliofanyika arusha,2
BODI YA REA YAKAGUA MIRADI YA UMEME VIJIJINI UKEREWE Veronica Simba  Mwanza Bodi ya Wakurugenzi wa Wakala wa Nishati Vijijini REB leo Oktoba 6 2019 imefanya ziara wilayani Ukerewe Mkoa wa Mwanza,positive,bodi ya rea yakagua miradi ya umeme vijijini ukerewe veronica simba mwanza bodi ya wakurugenzi wa wakala wa nishati vijijini reb leo oktoba imefanya ziara wilayani ukerewe mkoa wa mwanza,2
Hakuna Chama Imara Chama imara husimama kwa kutumia itikadi sera na hoja na si mabavu ya kimamlaka ujanj,neutral,hakuna chama imara chama imara husimama kwa kutumia itikadi sera na hoja na si mabavu ya kimamlaka ujanj,1
Anko Unamwambiaje Jamaa Yetu Maana Kajikakamua Awezavyo Muangalizie Chochote Umpatie,neutral,anko unamwambiaje jamaa yetu maana kajikakamua awezavyo muangalizie chochote umpatie,1
Wanaume wagumu kulipa mikopo,negative,wanaume wagumu kulipa mikopo,0
Naondoka Libya nikiwa na moyo mzito na wasiwasi sana Matumaini yangu ni kwamba bado inawezekana kuepuka mapigano ndani na karibu ya Tripoli unajitolea kuwezesha suluhu ya kisiasa na kuwasaidia raia wa Libya  ziarani Libya,negative,naondoka libya nikiwa na moyo mzito na wasiwasi sana matumaini yangu ni kwamba bado inawezekana kuepuka mapigano ndani na karibu ya tripoli unajitolea kuwezesha suluhu ya kisiasa na kuwasaidia raia wa libya ziarani libya,0
JEULISHAWAHI KUWAZA HIZI NI BIASHARA  1 Event planning 2 Photographer 3 IT consultant 4 Social media consultant 5 Per,positive,jeulishawahi kuwaza hizi ni biashara event planning photographer it consultant social media consultant per,2
Nyumba ya ya bomolewa kupisha barabara,negative,nyumba ya ya bomolewa kupisha barabara,0
Habari Ahsante kwa kuwasiliana nasi pole sana kwa changamoto uliyoipata tulikuwa na tatizo la mtandao ila kwa sasa huduma ya internet imerejea vilevile tumeweza kufidia Mbs ambazo hukuweza kuzitumia kulingana na kifurushi ulichonunua Ah,neutral,habari ahsante kwa kuwasiliana nasi pole sana kwa changamoto uliyoipata tulikuwa na tatizo la mtandao ila kwa sasa huduma ya internet imerejea vilevile tumeweza kufidia mbs ambazo hukuweza kuzitumia kulingana na kifurushi ulichonunua ah,1
Ahsante kwa kuwasiliana nasi Pole sana tatizo lako tumelipeleka idara husika tutakujulisha likishapatiwa ufumbuzi ndani ya masaa 72 ya kazi ahsante kwa kuchagua VodacomFB,neutral,ahsante kwa kuwasiliana nasi pole sana tatizo lako tumelipeleka idara husika tutakujulisha likishapatiwa ufumbuzi ndani ya masaa ya kazi ahsante kwa kuchagua vodacomfb,1
Asanteni sana kwa kutafsiri kazi yetu hapa  ni lugha muhimu,positive,asanteni sana kwa kutafsiri kazi yetu hapa ni lugha muhimu,2
Haya mambo ya kupeana hela na zawadi kwenye mapenzi yana pande mbili wazeekama hutoi usitegemee kupokea,neutral,haya mambo ya kupeana hela na zawadi kwenye mapenzi yana pande mbili wazeekama hutoi usitegemee kupokea,1
Ndiyo unaweza kupata mkopo Tafadhali unaweza kutembelea tawi letu lililo karibu nawe ukiwa na mkataba wako wa ajira barua ya utambulisho kutoka kwa mwajiri wako na salary slip yako angalau ya miezi mitatu na kuendelea VN,neutral,ndiyo unaweza kupata mkopo tafadhali unaweza kutembelea tawi letu lililo karibu nawe ukiwa na mkataba wako wa ajira barua ya utambulisho kutoka kwa mwajiri wako na salary slip yako angalau ya miezi mitatu na kuendelea vn,1
Yai linapenda kukuumbua mbele ya Hadhara Ila ukae chooni sasa ujisemeshelinashuka balaa,neutral,yai linapenda kukuumbua mbele ya hadhara ila ukae chooni sasa ujisemeshelinashuka balaa,1
Kama sheria za madini zinazokinzana zikipatikana na kuwasilishwa kwa kupitia jukwaa la kwa itasaidia,neutral,kama sheria za madini zinazokinzana zikipatikana na kuwasilishwa kwa kupitia jukwaa la kwa itasaidia,1
Ahsante kwa kuwasiliana nasi Pole sana kwa changamoto uliyoipata Tunapenda kukufahamisha kuwa wateja wote walipewa MB 300 kama pole,positive,ahsante kwa kuwasiliana nasi pole sana kwa changamoto uliyoipata tunapenda kukufahamisha kuwa wateja wote walipewa mb kama pole,2
Unataka kusema mtu MAHUTIHUTI anapaswa kuzinduka  afuate utaratibu LISSU pia ni mtu sio CHAMA,neutral,unataka kusema mtu mahutihuti anapaswa kuzinduka afuate utaratibu lissu pia ni mtu sio chama,1
Habari Gisela Macha asante kwa taarifa tumezichukua ila namba yetu ya tigo huduma kwa wateja ni 0713800800 endapo kama ukipigiwa na namba tofauti na hiyo fahamu kuwa namba hiyo sio ya tigo,neutral,habari gisela macha asante kwa taarifa tumezichukua ila namba yetu ya tigo huduma kwa wateja ni endapo kama ukipigiwa na namba tofauti na hiyo fahamu kuwa namba hiyo sio ya tigo,1
Labda ili mko ajiunge na cuf ama ni namna gani wajameni,neutral,labda ili mko ajiunge na cuf ama ni namna gani wajameni,1
Habari huduma hiyo bado ipo kwenye maboresho tunakushauri kutumia simbanking kufanya miamala kutoka kwenye akaunti kwenda kwenye simu,positive,habari huduma hiyo bado ipo kwenye maboresho tunakushauri kutumia simbanking kufanya miamala kutoka kwenye akaunti kwenda kwenye simu,2
Betting Ina Pande Mbili Kupata Na Kukosa Kukata Tamaa Ni Mwiko Premier Bet Watu Wanajipigia Mpunga Kimya2 Mwamba,neutral,betting ina pande mbili kupata na kukosa kukata tamaa ni mwiko premier bet watu wanajipigia mpunga kimya mwamba,1
Waziri Nape Nnauye alipokutana na Wachezaji wa Serengeti Boys leo asubuhi 1892016,positive,waziri nape nnauye alipokutana na wachezaji wa serengeti boys leo asubuhi,2
Pole sana mteja wetutunaomba tufahamueneo unalopata changamoto na namba yako ya simu,neutral,pole sana mteja wetutunaomba tufahamueneo unalopata changamoto na namba yako ya simu,1
MAUAJI POLISI NA RAIA UVINZA Waziri wa Mambo ya Ndanj Mh Kangi Lugola amemuagiza IGP awaondoe ktk nafasi zao Kaimu Kamanda wa Polisi Mkoa wa Kigoma wakati wa,negative,mauaji polisi na raia uvinza waziri wa mambo ya ndanj mh kangi lugola amemuagiza igp awaondoe ktk nafasi zao kaimu kamanda wa polisi mkoa wa kigoma wakati wa,0
I have another legit question ni responsibility ya nani kuhakikusha mwanamke hapati ujauzito,neutral,i have another legit question ni responsibility ya nani kuhakikusha mwanamke hapati ujauzito,1
UZINDUZI Jukwaa la TAFAKURI Urithi Wetu Mlimani City  Cinemax Dar es Salaam  Tanzania Jumamosi Tarehe 30 Machi 2019,neutral,uzinduzi jukwaa la tafakuri urithi wetu mlimani city cinemax dar es salaam tanzania jumamosi tarehe machi,1
Wabunge wa Bunge la Jamhuri ya Muungano wa Tanzania leo wamefanya mazoezi na wachezaji wa timu ya Taifa ya Tanzania Bara Kili Stars huko Kampala nchini Uganda Wabunge hao wanashiriki Mashindano ya mabunge ya,neutral,wabunge wa bunge la jamhuri ya muungano wa tanzania leo wamefanya mazoezi na wachezaji wa timu ya taifa ya tanzania bara kili stars huko kampala nchini uganda wabunge hao wanashiriki mashindano ya mabunge ya,1
Huu mpira huu sijui huwa anapata furaha kwenye Timu ipi huku kule,negative,huu mpira huu sijui huwa anapata furaha kwenye timu ipi huku kule,0
Willy Gamba tunaomba kufahamu unapowasha data kwenye simu yako unapata alama gani E2G3GH au 4G,positive,willy gamba tunaomba kufahamu unapowasha data kwenye simu yako unapata alama gani eggh au g,2
Then kuna kina hatupo karibu umamani wala ubabani kote tunaonekana kwa matukiosisi ni wale both wazazi wa,neutral,then kuna kina hatupo karibu umamani wala ubabani kote tunaonekana kwa matukiosisi ni wale both wazazi wa,1
Mpaka sasa thamani ya mauzo ya hisa katika Soko la Hisa la Dar es Salaam DSE yamefikia Sh bilioni 7500 katika,positive,mpaka sasa thamani ya mauzo ya hisa katika soko la hisa la dar es salaam dse yamefikia sh bilioni katika,2
Uganda yajihadhari kabla ya shari kwa kuchanja wahudumu wa afya dhidi ya Ebola,neutral,uganda yajihadhari kabla ya shari kwa kuchanja wahudumu wa afya dhidi ya ebola,1
SaaWatchWoch AngaliaWatchWach,neutral,saawatchwoch angaliawatchwach,1
Wakuu naomba support mwa Mtanzania mwenzetu aondoke na ushindi Link Chagua FLORINYAHTanzania,neutral,wakuu naomba support mwa mtanzania mwenzetu aondoke na ushindi link chagua florinyahtanzania,1
Kwa upande wa Bodi na Wafanyakazi wa TRC Serikali inatarajia kuwa mtaendelea kutoa huduma bora kwa kuzingatia uzalend,neutral,kwa upande wa bodi na wafanyakazi wa trc serikali inatarajia kuwa mtaendelea kutoa huduma bora kwa kuzingatia uzalend,1
Dodoma Watu 29 wamejeruhiwa katika ajali iliyohusisha lori na treni jijini Dodoma Kamanda wa Polisi Mkoani Dodoma Gilles Muroto amethibitisha kutokea kwa ajali hiyo Mkuu wa Wilaya ya DodomaPatrobas Katambi,negative,dodoma watu wamejeruhiwa katika ajali iliyohusisha lori na treni jijini dodoma kamanda wa polisi mkoani dodoma gilles muroto amethibitisha kutokea kwa ajali hiyo mkuu wa wilaya ya dodomapatrobas katambi,0
Wale wa Leo tukamseme Nani Sijui Good morning yallLive and Let Live,neutral,wale wa leo tukamseme nani sijui good morning yalllive and let live,1
Kusaka kujulikana sometimes katika mambo kama haya ndani ya kipindi hiki ni kujiongezea matatizo tu play,neutral,kusaka kujulikana sometimes katika mambo kama haya ndani ya kipindi hiki ni kujiongezea matatizo tu play,1
Nimezaliwa katika familia ya kitajiri lakini utajiri wangu si wa kurithi kila nilichonacho nimetengeneza mwenyewe Powerful,neutral,nimezaliwa katika familia ya kitajiri lakini utajiri wangu si wa kurithi kila nilichonacho nimetengeneza mwenyewe powerful,1
Repost from using repostregramapp  Jumanne ya leo tunaanza na Mechi za Robo Fainali ya,neutral,repost from using repostregramapp jumanne ya leo tunaanza na mechi za robo fainali ya,1
Leo si ndio 2611 basi fika viwanja vya jamhuri hapa Dodoma tuweze kuelimika kwa pamoja na kuelewa hali ya ukatili ilivyo n,positive,leo si ndio basi fika viwanja vya jamhuri hapa dodoma tuweze kuelimika kwa pamoja na kuelewa hali ya ukatili ilivyo n,2
ndio bei yake ndugu mteja kwenye miradi ya umeme ndio kuna punguzo la gharama,neutral,ndio bei yake ndugu mteja kwenye miradi ya umeme ndio kuna punguzo la gharama,1
Mimi ni binti wa miaka 25 nilikuwa nafanya kazi kampuni flani nikakutana na mzee flani ambaye alikuja Kama mteja akawa in,neutral,mimi ni binti wa miaka nilikuwa nafanya kazi kampuni flani nikakutana na mzee flani ambaye alikuja kama mteja akawa in,1
Habari tunaomba namba yako kwa msaada ZaidiJuma,neutral,habari tunaomba namba yako kwa msaada zaidijuma,1
Ukipewa mchongo ukapewa CASH Tsh MILIONI MOJA na ukatakiwa uipangie matumizi yote uimalize jioni hiihii utaifanyia nini,neutral,ukipewa mchongo ukapewa cash tsh milioni moja na ukatakiwa uipangie matumizi yote uimalize jioni hiihii utaifanyia nini,1
Yani hujui whats wronghao walimu wakufundisha hayo masomo kwa kiswahili level zote mpaka chuo unaovitabu unavyo,neutral,yani hujui whats wronghao walimu wakufundisha hayo masomo kwa kiswahili level zote mpaka chuo unaovitabu unavyo,1
naombeni mfanye yafuatayo wekeni namba za TigopesaMpesa etc tafuteni mtu wa coordination na kutoa updates o,neutral,naombeni mfanye yafuatayo wekeni namba za tigopesampesa etc tafuteni mtu wa coordination na kutoa updates o,1
Namshukuru sana kaka mkubwa kwa kunilipia miaezi mitatu ya kunipeleka Sober house ili niachane na madawa,positive,namshukuru sana kaka mkubwa kwa kunilipia miaezi mitatu ya kunipeleka sober house ili niachane na madawa,2
Serikali inekanusha taarifa inayosambaa kwa njia ya video kupitia kituo cha televisheni cha China cha CCTVAfrika ikielezea kuwepo kwa viashiria vya kundi la AlShaabab Tanzania,positive,serikali inekanusha taarifa inayosambaa kwa njia ya video kupitia kituo cha televisheni cha china cha cctvafrika ikielezea kuwepo kwa viashiria vya kundi la alshaabab tanzania,2
Hatukuwa tayari kimataifa Zahera gt,negative,hatukuwa tayari kimataifa zahera gt,0
Pesa haikupi kila kitu lakini kila kitu kinataka pesa,positive,pesa haikupi kila kitu lakini kila kitu kinataka pesa,2
Gazeti la Leo Alhamisi Disemba 12 2019,neutral,gazeti la leo alhamisi disemba,1
Habari Tafadhali tuandikie namba yako ya simu kwa msaadaSalim,positive,habari tafadhali tuandikie namba yako ya simu kwa msaadasalim,2
Ukimya una mahusiano na uwogasema alikuchafua mwanangu lakini nilikupambania sana hujawahi tu ku appreciate,neutral,ukimya una mahusiano na uwogasema alikuchafua mwanangu lakini nilikupambania sana hujawahi tu ku appreciate,1
Na hivi ndivyo viwango vyetu vya kubadilishia fedha za kigeni leo tarehe 17 Mei 2019,neutral,na hivi ndivyo viwango vyetu vya kubadilishia fedha za kigeni leo tarehe mei,1
Tumekataza kupeama mikono au kugusana kwa namna yoyote ile lakini tumesahau swala usafiri wa uma daladala Kuna mbanano,neutral,tumekataza kupeama mikono au kugusana kwa namna yoyote ile lakini tumesahau swala usafiri wa uma daladala kuna mbanano,1
Mwambie busara yake apeleke kwenye vikao vya familia coz Kila MTU anapost kitu chochote Me nmefrah kuona waha hapo,neutral,mwambie busara yake apeleke kwenye vikao vya familia coz kila mtu anapost kitu chochote me nmefrah kuona waha hapo,1
Kuna mtu  watu  wame risk maisha yao kwa ajili ya maendeleo ya watu katika nyanja zote za maisha,neutral,kuna mtu watu wame risk maisha yao kwa ajili ya maendeleo ya watu katika nyanja zote za maisha,1
Umeme waondoa sifuri sekondari Lindi gt,positive,umeme waondoa sifuri sekondari lindi gt,2
Watu wengi hukosa furaha kutokana na kuishi maisha ya watu wengine Kupitia leo,neutral,watu wengi hukosa furaha kutokana na kuishi maisha ya watu wengine kupitia leo,1
Mtu pekee ndani ya CCM ambaye nnauhakika kabisa kama angekuwepo angeipinga na kuwatukana Wahusika wa Biashara hii ya kunun,neutral,mtu pekee ndani ya ccm ambaye nnauhakika kabisa kama angekuwepo angeipinga na kuwatukana wahusika wa biashara hii ya kunun,1
Basi October upunguze ubahili kidogoJipendeWapende wanaokuzungukaSali sanaFanya kazi kwa bidiiUsisahau kuishina,neutral,basi october upunguze ubahili kidogojipendewapende wanaokuzungukasali sanafanya kazi kwa bidiiusisahau kuishina,1
Unahisi ni lugha ndio kikwazo cha ufaulu masomo ya sayansiyani yakifundishwa kwa kiswahili watafaulu sana au ni ubora wa elimu inayotelewa na shule zetu za gavooso tukomae tu kuiboresha yaendelee kufundishwa kiingerezanini maoni yako,neutral,unahisi ni lugha ndio kikwazo cha ufaulu masomo ya sayansiyani yakifundishwa kwa kiswahili watafaulu sana au ni ubora wa elimu inayotelewa na shule zetu za gavooso tukomae tu kuiboresha yaendelee kufundishwa kiingerezanini maoni yako,1
Unaambiwa yake inaweza ikakuponya na ukasahau machungu yaliyosababishwa na Ronaldo na Simba pale Taifa,positive,unaambiwa yake inaweza ikakuponya na ukasahau machungu yaliyosababishwa na ronaldo na simba pale taifa,2
King of Interview Showswakuda mnaniuliza sio Queen kweli King si Masculine Ndio nasema ni King wa Interview k,neutral,king of interview showswakuda mnaniuliza sio queen kweli king si masculine ndio nasema ni king wa interview k,1
Kule Kwetu Usukumani Hili Ni Jambo la Kawaida Sana Utamaduni na Utaratibu Ambao Tuko Nao na Tuko Tu Sawa,neutral,kule kwetu usukumani hili ni jambo la kawaida sana utamaduni na utaratibu ambao tuko nao na tuko tu sawa,1
Waziri wa Maliasili na Utalii Dkt ameutaka uongozi wa Kijiji cha Makao wilayani Meatu kujenga Shule ya kisasa ya Sekondari kutokana na mapato ya Utalii wanayopata,neutral,waziri wa maliasili na utalii dkt ameutaka uongozi wa kijiji cha makao wilayani meatu kujenga shule ya kisasa ya sekondari kutokana na mapato ya utalii wanayopata,1
Follow  kijana safi kaja Twitter mwaka huu Tukimsaidia akafikia followers 100 asubuhi,positive,follow kijana safi kaja twitter mwaka huu tukimsaidia akafikia followers asubuhi,2
Ni mdau wa vitu vingi Kiasi kwamba nashindwa kuamua kipi ndicho cha muhimu zaidi kwangu Vyote ni muhimu,neutral,ni mdau wa vitu vingi kiasi kwamba nashindwa kuamua kipi ndicho cha muhimu zaidi kwangu vyote ni muhimu,1
Baada ya taratibu za ndani kuhusu Ligi Kuu ya wanawake kukamilika tutangaza tarehe rasmi ya kuanza kwa Ligi hiyo,neutral,baada ya taratibu za ndani kuhusu ligi kuu ya wanawake kukamilika tutangaza tarehe rasmi ya kuanza kwa ligi hiyo,1
Hadi kufikia Aprili 2019 Serikali imechukua hatua mbalimbali za kuongeza ukwasi kwenye uchumi il,positive,hadi kufikia aprili serikali imechukua hatua mbalimbali za kuongeza ukwasi kwenye uchumi il,2
Ukipiga 15002 unajiweka kwenye nafasi ya kuibuka na milioni moja mwisho wa mwezi Cha kufanya ni kutuma au kupokea pesa mara nyingi uwezavyo kupitia Ezypesa Ni easy na Ezypesa,neutral,ukipiga unajiweka kwenye nafasi ya kuibuka na milioni moja mwisho wa mwezi cha kufanya ni kutuma au kupokea pesa mara nyingi uwezavyo kupitia ezypesa ni easy na ezypesa,1
Jeshi la Polisi nchini Kitengo cha Usalama Barabarani limetoa tahadhari kwa madereva wote wasio he,positive,jeshi la polisi nchini kitengo cha usalama barabarani limetoa tahadhari kwa madereva wote wasio he,2
Zimebaki siku nne kwenda mazinyungu Bado napo michango pia kwa ambao wanahitaj kwenda unaweza kuni DM  kupiga 06843839,neutral,zimebaki siku nne kwenda mazinyungu bado napo michango pia kwa ambao wanahitaj kwenda unaweza kuni dm kupiga,1
Hyo picha inaangalia mbele pembeni,neutral,hyo picha inaangalia mbele pembeni,1
Habari David Asante kwa ushauri wako tutaufanyia kaziJ,neutral,habari david asante kwa ushauri wako tutaufanyia kazij,1
Dkt  Kalemani atoa mwezi mmoja kwa Vijiji vyote vya Jjiji la Arusha kupata umeme Waziri wa Nishati Dkt Medard Kaleman,neutral,dkt kalemani atoa mwezi mmoja kwa vijiji vyote vya jjiji la arusha kupata umeme waziri wa nishati dkt medard kaleman,1
Pendekezo la 20 linatoa mamlaka yasiyo ya kawaida ya kudhibiti maudhui ikisisitiza kwamba kila bango litakaloandaliwa,positive,pendekezo la linatoa mamlaka yasiyo ya kawaida ya kudhibiti maudhui ikisisitiza kwamba kila bango litakaloandaliwa,2
Naona tuna wajasiriamali wazuri katika teknolojia hasa lakini tumekosa ubunifu katika maeneo mengine,neutral,naona tuna wajasiriamali wazuri katika teknolojia hasa lakini tumekosa ubunifu katika maeneo mengine,1
Nilipokutana na mwanaume wa 2 siku ya kwanza tu kushiriki naye tendo nikapata mimba alipaniki na nilimuelewa kwani nilikuw,negative,nilipokutana na mwanaume wa siku ya kwanza tu kushiriki naye tendo nikapata mimba alipaniki na nilimuelewa kwani nilikuw,0
Ukipata nafasi ya kuishi Dar usiondoke ukiweza kuishi Dar hakuna mkoa Utakao kusumbua kwenye maswala ya kutafuta hela,positive,ukipata nafasi ya kuishi dar usiondoke ukiweza kuishi dar hakuna mkoa utakao kusumbua kwenye maswala ya kutafuta hela,2
Chanjo ya UVIKO19 itakusaidia kupambana na virusi na kukupunguzia hatari ya kupoteza maisha,positive,chanjo ya uviko itakusaidia kupambana na virusi na kukupunguzia hatari ya kupoteza maisha,2
Hofu yao iko kwenye uovu wao ambao wameisha ifanyia jamii,negative,hofu yao iko kwenye uovu wao ambao wameisha ifanyia jamii,0
Bilioni 6 zatolewa na Uingereza kujenga shule Kagera,neutral,bilioni zatolewa na uingereza kujenga shule kagera,1
ndo mana mchungaji msigwa anamuambiaaga anaogooa kulogwa,neutral,ndo mana mchungaji msigwa anamuambiaaga anaogooa kulogwa,1
Tunaomba radhi kwa usumbufu uliojitokezahuduma imerejea unaweza kutumiank,neutral,tunaomba radhi kwa usumbufu uliojitokezahuduma imerejea unaweza kutumiank,1
Mkuu wa Wilaya ya Nakonde Alex Sinkala akiwa amepiga magoti kumshukuru Rais Dkt Magufuli kwa kumpa TZS 5 milioni kwa aj,positive,mkuu wa wilaya ya nakonde alex sinkala akiwa amepiga magoti kumshukuru rais dkt magufuli kwa kumpa tzs milioni kwa aj,2
MT kilimanjaro,neutral,mt kilimanjaro,1
unakaribishwa siku ya uzinduzi maswali yako yatapata ufumbuzi Ahsante,neutral,unakaribishwa siku ya uzinduzi maswali yako yatapata ufumbuzi ahsante,1
Pole sana kwa changamoto uliopata,positive,pole sana kwa changamoto uliopata,2
Habari Ahsante kwa kuwasiliana nasi Naomba nikusaidie tafadhali RP,positive,habari ahsante kwa kuwasiliana nasi naomba nikusaidie tafadhali rp,2
Napenda kuwahakikishia watanzania kuwa gawio hili tutalitumia kuwaletea maendeleo wananchi wetu Hizi fedha zitatumika viz,positive,napenda kuwahakikishia watanzania kuwa gawio hili tutalitumia kuwaletea maendeleo wananchi wetu hizi fedha zitatumika viz,2
Habari karibu katika ukurasa wetu tukuhudumie,neutral,habari karibu katika ukurasa wetu tukuhudumie,1
Habari Tafadhali piga 14700 au 14800 chagua saizi yako siku wikimwezi au Halichachi kupata vifurushi vyetu vilivyoboreshwa zaidi sasa,positive,habari tafadhali piga au chagua saizi yako siku wikimwezi au halichachi kupata vifurushi vyetu vilivyoboreshwa zaidi sasa,2
Siku ya Huduma kwa Walevi Leo mapema boss kalewa Local beer ni 2000 tu,neutral,siku ya huduma kwa walevi leo mapema boss kalewa local beer ni tu,1
Habarikwa sasa unaweza kupata ujumbe ukiweka kwa wakalakupata ujumbe unapoweka dirishani bado ipo katika mchakato SM,positive,habarikwa sasa unaweza kupata ujumbe ukiweka kwa wakalakupata ujumbe unapoweka dirishani bado ipo katika mchakato sm,2
Niliwahi kusema hivi kwenye msg kwa Jamaa mmoja hivi Maarufu alikuwa anasumbua Sana na michango Hatimae urafiki Wetu,negative,niliwahi kusema hivi kwenye msg kwa jamaa mmoja hivi maarufu alikuwa anasumbua sana na michango hatimae urafiki wetu,0
MKURUGENZI KILWA AJIVUNIA MCHANGO WA ZAO LA UFUTA KWENYE MAENDELEO YA HALMASHAURI YAKE      Mkurugenzi wa Halmashauri ya wilaya ya Kilwa Renatus Mchawi amesema kwasasa Halmashauri ya wilaya ya kilwa imepiga,positive,mkurugenzi kilwa ajivunia mchango wa zao la ufuta kwenye maendeleo ya halmashauri yake mkurugenzi wa halmashauri ya wilaya ya kilwa renatus mchawi amesema kwasasa halmashauri ya wilaya ya kilwa imepiga,2
Habaritafadhali fahamu kuwa gharama hiyo unapata ofa ya kifurushi cha DStv Compact Tzs 44000kwa mwezi mmojaGift,positive,habaritafadhali fahamu kuwa gharama hiyo unapata ofa ya kifurushi cha dstv compact tzs kwa mwezi mmojagift,2
Tupunguze Uzito,positive,tupunguze uzito,2
Chale ameachia mzigo wa CocoCoco hana nguvu kabisaaE bwana Nitaharuki si kwa Coco wala Denge Tunafanyaje sasa,neutral,chale ameachia mzigo wa cocococo hana nguvu kabisaae bwana nitaharuki si kwa coco wala denge tunafanyaje sasa,1
Aliyekuwa mke wa Rais wa Afrika Kusini Nelson Mandela Winnie Mandela 81 amefariki dunia,negative,aliyekuwa mke wa rais wa afrika kusini nelson mandela winnie mandela amefariki dunia,0
Tumependekezwa kuwania Tuzo ya Taasisi inayotumia vizuri zaidi mitandao ya kijamii katika uchechemuzi na mawasiliano Tunaku,positive,tumependekezwa kuwania tuzo ya taasisi inayotumia vizuri zaidi mitandao ya kijamii katika uchechemuzi na mawasiliano tunaku,2
Kwa wataalamu wa alama za barabarani hii alama inamaanisha nini Mdau mmoja kasema inamaanisha watu hawasiki honi je ni,neutral,kwa wataalamu wa alama za barabarani hii alama inamaanisha nini mdau mmoja kasema inamaanisha watu hawasiki honi je ni,1
Hili linazungumzia na,neutral,hili linazungumzia na,1
Miss Tanzania ameshukuru wote waliomuunga mkono kwenye mashindano ya Miss World 2018,positive,miss tanzania ameshukuru wote waliomuunga mkono kwenye mashindano ya miss world,2
Kama tulivyokupatia maelekezo hapo awali kuwa songesha inakuwezeshea kununua muda wa maongezi kununua kifurushi unachokihitaji kutuma na kutoa pesa pia kufanya malipo kupitia Mpesa Kama umeishiwa kifurushi unaweza kununua kwa kutumia huduma,neutral,kama tulivyokupatia maelekezo hapo awali kuwa songesha inakuwezeshea kununua muda wa maongezi kununua kifurushi unachokihitaji kutuma na kutoa pesa pia kufanya malipo kupitia mpesa kama umeishiwa kifurushi unaweza kununua kwa kutumia huduma,1
Watu wengi wanatumia vifaa vya lakini hawajui namna ya kujilinda gt tunaendesha mafun,neutral,watu wengi wanatumia vifaa vya lakini hawajui namna ya kujilinda gt tunaendesha mafun,1
huezi amini mpaka leo hajaoa na sasa hivi anamchezea tu wa watu,negative,huezi amini mpaka leo hajaoa na sasa hivi anamchezea tu wa watu,0
Utabiri wa Hali ya Hewa wa siku tano na athari zinazoweza kutokea Umetolewa leo tarehe 11052019 na Mamlaka ya Hali ya,positive,utabiri wa hali ya hewa wa siku tano na athari zinazoweza kutokea umetolewa leo tarehe na mamlaka ya hali ya,2
Nafasi ya wewe kumiliki nyumba ndio hii Sasa unaweza kununua nyumba kutoka NHC kwa bei,positive,nafasi ya wewe kumiliki nyumba ndio hii sasa unaweza kununua nyumba kutoka nhc kwa bei,2
Ukitaka taarifa kuhusu chanjo ya uviko 19 uwa unatumia source zipi,neutral,ukitaka taarifa kuhusu chanjo ya uviko uwa unatumia source zipi,1
Kigogo ofisi ya RC Mwanza mikononi mwa Takukuru,neutral,kigogo ofisi ya rc mwanza mikononi mwa takukuru,1
Sema waje chunya huku watoe elimu pia wachimbaji wadogo tu,neutral,sema waje chunya huku watoe elimu pia wachimbaji wadogo tu,1
Rais Trump amesema amezungumza na Waziri Mkuu wa India Narendra Modi na kumwambia kuwa Marekani inataka izipate dawa za Hyd,neutral,rais trump amesema amezungumza na waziri mkuu wa india narendra modi na kumwambia kuwa marekani inataka izipate dawa za hyd,1
Kwa wale wanaonunua kuku tayar washachinjwa inaeza tokea kitu kmhii nunua mfugo uchinje mwenyewe au achijwe unamuona,neutral,kwa wale wanaonunua kuku tayar washachinjwa inaeza tokea kitu kmhii nunua mfugo uchinje mwenyewe au achijwe unamuona,1
PICHANI ni baadhi ya wanfunzi wa shule ya msingi Itika wilayani Mufindi mkoani Iringa wakinyoosha mikono juu kama ishara,positive,pichani ni baadhi ya wanfunzi wa shule ya msingi itika wilayani mufindi mkoani iringa wakinyoosha mikono juu kama ishara,2
wakitaa chakwa buruda 885 msanue aguse kibabe ya gwala kwa,neutral,wakitaa chakwa buruda msanue aguse kibabe ya gwala kwa,1
Habari itakapofika Tabora tutakupatia taarifaJ,neutral,habari itakapofika tabora tutakupatia taarifaj,1
Tungependa kujua unatumia simu ya aina gani tatizo lina muda gani na uko sehemu gani tunaomba namba yako utume inbox kwa msaada zaidi VM,neutral,tungependa kujua unatumia simu ya aina gani tatizo lina muda gani na uko sehemu gani tunaomba namba yako utume inbox kwa msaada zaidi vm,1
Kupitia kambi hii naamini tutapata viongozi mahiri na sisi tutaendelea kuwaunga mkono katika kutimiza,positive,kupitia kambi hii naamini tutapata viongozi mahiri na sisi tutaendelea kuwaunga mkono katika kutimiza,2
Habari Asante kwa kutuandikia kupitia kurasa zetu tafadhali tuandikie ujumbe na namba ya kadi kwa msaada zaidi Salim,positive,habari asante kwa kutuandikia kupitia kurasa zetu tafadhali tuandikie ujumbe na namba ya kadi kwa msaada zaidi salim,2
Mama Verdiana alisema maneno mazito sana kabla ya kifo chake maneno hayo aliyaelekeza kwa Mhe Rais Namwomba sana Mhe,neutral,mama verdiana alisema maneno mazito sana kabla ya kifo chake maneno hayo aliyaelekeza kwa mhe rais namwomba sana mhe,1
Uandishi ni rejea nzuri sana kwa kizazi cha leo na kesho Binafsi nakupongeza sana kwa uthubutu,neutral,uandishi ni rejea nzuri sana kwa kizazi cha leo na kesho binafsi nakupongeza sana kwa uthubutu,1
kufahamu kiasi na kufanya malipo kuondoa ujumbe kama E16 E18 E19 E30 E32 na E162 na kubadili kifurushi Salim,neutral,kufahamu kiasi na kufanya malipo kuondoa ujumbe kama e e e e e na e na kubadili kifurushi salim,1
Kutokana na kuongezeka kwa kiwango cha udhibiti mamlaka makubwa wanayopewa maafisa na tafsiri kandamizi zilizopo katika,neutral,kutokana na kuongezeka kwa kiwango cha udhibiti mamlaka makubwa wanayopewa maafisa na tafsiri kandamizi zilizopo katika,1
Kwa mara ya kwanza Tanzania imefanya utafiti wa Measuring Early Learning Quality and Outcomes MELQO na imechangia kupata t,positive,kwa mara ya kwanza tanzania imefanya utafiti wa measuring early learning quality and outcomes melqo na imechangia kupata t,2
Tafadhali fahamu kuwa utapata ofa hiyo baada ya kifurushi chako kuishaSalim,neutral,tafadhali fahamu kuwa utapata ofa hiyo baada ya kifurushi chako kuishasalim,1
hiyo uliyoishika sahivi ina wimbo wake kabisa na unabamba kinoma,positive,hiyo uliyoishika sahivi ina wimbo wake kabisa na unabamba kinoma,2
ndio inawezekana Kufungua akaunti inabidi uwe na miaka 18 na kuendelea kitambulisho kinachotambulika kisheriacha kura au leseni ya udereva au pasi ya kusafiria au kitambulisho cha kazi au cha taifa na gharama zake ni shs 10000 akaunti,neutral,ndio inawezekana kufungua akaunti inabidi uwe na miaka na kuendelea kitambulisho kinachotambulika kisheriacha kura au leseni ya udereva au pasi ya kusafiria au kitambulisho cha kazi au cha taifa na gharama zake ni shs akaunti,1
Asante sana kwa maoni na ushauritunaendelea kuboresha na tutafika maeneo yote ambayo bado,neutral,asante sana kwa maoni na ushauritunaendelea kuboresha na tutafika maeneo yote ambayo bado,1
Ukitoa huduma nzuri unapewa Tipukizogoa tunaisubiria hadi mia 2 chenjiso kwa dada wa jikoni wa Amuzz uliyenihudumiamke wangu anakupenda,neutral,ukitoa huduma nzuri unapewa tipukizogoa tunaisubiria hadi mia chenjiso kwa dada wa jikoni wa amuzz uliyenihudumiamke wangu anakupenda,1
Kwa CAG mpya nakutakia kazi njema usije ukaenda huko ukajifanya na wewe ni mhimili mihimili ni mitatu tu na umeiona hapa na katika kiapo chako nilikuwa nakisikiliza nafasi yako ni Mkaguzi Mkuu wa Hesabu za,neutral,kwa cag mpya nakutakia kazi njema usije ukaenda huko ukajifanya na wewe ni mhimili mihimili ni mitatu tu na umeiona hapa na katika kiapo chako nilikuwa nakisikiliza nafasi yako ni mkaguzi mkuu wa hesabu za,1
Hakuna kitu tunaweza kufanikisha kama azaki moja au mtu mmoja Tunahitaji kushirikiana Tunahitaji nguvu za pamoja kuha,positive,hakuna kitu tunaweza kufanikisha kama azaki moja au mtu mmoja tunahitaji kushirikiana tunahitaji nguvu za pamoja kuha,2
Changamoto za Wafanyabiashara na wanunua bidhaa,neutral,changamoto za wafanyabiashara na wanunua bidhaa,1
tafadhali fahamu kuwa ulishawahi kusajili kupitia simu nyingine utatakiwa kufika tawini kuwezesha sim app kwa kutumia simu yako ya sasaJB,neutral,tafadhali fahamu kuwa ulishawahi kusajili kupitia simu nyingine utatakiwa kufika tawini kuwezesha sim app kwa kutumia simu yako ya sasajb,1
Jenga Bet  Getafe Real Madrid  Timu hizi zimeshinda mabao 30 kwenye mechi zao zilizopita LaLiga Mechi yao itakuwa na mabao mangapi Bashiri idadi ya magoli na masoko mengine hadi 6kwenye mechi hii kwa JENGA BET ushinde,positive,jenga bet getafe real madrid timu hizi zimeshinda mabao kwenye mechi zao zilizopita laliga mechi yao itakuwa na mabao mangapi bashiri idadi ya magoli na masoko mengine hadi kwenye mechi hii kwa jenga bet ushinde,2
Popote palipo na watu pana pesa yako namna gani uichukue ndo hapo kwenye kugawana fursa,neutral,popote palipo na watu pana pesa yako namna gani uichukue ndo hapo kwenye kugawana fursa,1
Ukiwa Kam mfanyabiashara karibu siku ya tareh 67 November ndan ya viwanja vya Oysterbay Uje kuuza na kutangaza bias,neutral,ukiwa kam mfanyabiashara karibu siku ya tareh november ndan ya viwanja vya oysterbay uje kuuza na kutangaza bias,1
ondoa shaka  ni hapa Mtoto wako atafundishwa na walimu wetu kwa kufuatwa nyumbani Atac,neutral,ondoa shaka ni hapa mtoto wako atafundishwa na walimu wetu kwa kufuatwa nyumbani atac,1
Kwa pamoja tunaweza kulinda afya zetu na watu wanatuzunguka kwa kupata chanjo ya uviko 19,positive,kwa pamoja tunaweza kulinda afya zetu na watu wanatuzunguka kwa kupata chanjo ya uviko,2
Tuna penda sana shortcut yani mtu ana taka kupata followers wengi kwa mda mchache au mtu anataka kufanikiw,neutral,tuna penda sana shortcut yani mtu ana taka kupata followers wengi kwa mda mchache au mtu anataka kufanikiw,1
Uhuru Jumatano Disemba 25 2019,neutral,uhuru jumatano disemba,1
Asante kwa kushiriki nasi kwa vifurushi nafuu vya dakika na intaneti piga 14915 kujiunga,positive,asante kwa kushiriki nasi kwa vifurushi nafuu vya dakika na intaneti piga kujiunga,2
Muonekano wa mpaka kati ya Argentina Paraguay na Brazil katika makutano ya Mto Iguaz na Mto Paran,positive,muonekano wa mpaka kati ya argentina paraguay na brazil katika makutano ya mto iguaz na mto paran,2
MDHAMINI WA TUNDU LISSU ATISHIA KUJITOA Mdhamini wa Mbunge wa Singida Mashariki CHADEMA Robert Katula ameieleza Mahakama ya Hakimu Mkazi Kisutu kwamba anatamani kujitoa kumdhamini,negative,mdhamini wa tundu lissu atishia kujitoa mdhamini wa mbunge wa singida mashariki chadema robert katula ameieleza mahakama ya hakimu mkazi kisutu kwamba anatamani kujitoa kumdhamini,0
Popote mtakapo muona mwambieni tuna krate lake  Ijumaaa na Jumamosi Tukutane mapema mno kuna suprise,neutral,popote mtakapo muona mwambieni tuna krate lake ijumaaa na jumamosi tukutane mapema mno kuna suprise,1
Msikilize Prince Dully Sykes ndani Power Breakfast Clouds Fm akifunguka juu ya show yake ya MIAKA 15 YA BONGO,neutral,msikilize prince dully sykes ndani power breakfast clouds fm akifunguka juu ya show yake ya miaka ya bongo,1
Usijisikie dhaifu kuitwa mwogajapo sio kwamba woga utakusaidia katika kila nyanja lakini hofu na wasiwasi ni nguzo muhimu za,positive,usijisikie dhaifu kuitwa mwogajapo sio kwamba woga utakusaidia katika kila nyanja lakini hofu na wasiwasi ni nguzo muhimu za,2
Hello Naomba Retweets zakutosha watu wajue NINAFANYA USAFI siku hizi,neutral,hello naomba retweets zakutosha watu wajue ninafanya usafi siku hizi,1
Mtu Akikukuacha Au Akikukataa Inamaanisha Hataki Kuendelea Kukupoteza Muda Maana Hana Mpango Wowote Na Wewe Kubali Na,neutral,mtu akikukuacha au akikukataa inamaanisha hataki kuendelea kukupoteza muda maana hana mpango wowote na wewe kubali na,1
Asante sana Clouds Media,positive,asante sana clouds media,2
Ndugu yetu ni fundi wa nyumba nzuri na Swimming Pool za kisasa zenye ubora wa hali ya juu Jamaa napatikana,neutral,ndugu yetu ni fundi wa nyumba nzuri na swimming pool za kisasa zenye ubora wa hali ya juu jamaa napatikana,1
Watoto wa kike wanaoshindwa kupata huduma za afya za uzazi wapo katika uwezekano mkubwa wa kupata ujauzito,neutral,watoto wa kike wanaoshindwa kupata huduma za afya za uzazi wapo katika uwezekano mkubwa wa kupata ujauzito,1
hiyo issue usilipie niachie miminina mshikaji wangu Lubasha nikimwambia atatufanyia bure,neutral,hiyo issue usilipie niachie miminina mshikaji wangu lubasha nikimwambia atatufanyia bure,1
Ifahamu mifumo mikuu inayounda gari yako UZI Huu ni mfululizo utakaokuwa unakuletea dondoo mbalimbali kuhusu gari,neutral,ifahamu mifumo mikuu inayounda gari yako uzi huu ni mfululizo utakaokuwa unakuletea dondoo mbalimbali kuhusu gari,1
Kadri unavyokula haraka ndivyo uwezekano wa kuongezeka uzito unakuwa mkubwa,neutral,kadri unavyokula haraka ndivyo uwezekano wa kuongezeka uzito unakuwa mkubwa,1
Na ndio waamuzi wa mambo,neutral,na ndio waamuzi wa mambo,1
Taarifa iwafikie wote ambao tutacheza nao iwe wa ndani au nje,neutral,taarifa iwafikie wote ambao tutacheza nao iwe wa ndani au nje,1
Mali yake hata ingekuwa TV ndogo ya kuchungulia kwa jicho moja ni sawa tu,neutral,mali yake hata ingekuwa tv ndogo ya kuchungulia kwa jicho moja ni sawa tu,1
Wanafunzi wasioona wanawezaje kuona picha hizi kwenye cover ya kitabu,positive,wanafunzi wasioona wanawezaje kuona picha hizi kwenye cover ya kitabu,2
Makamanda ambao leo watawakabili Kagera Sugar,neutral,makamanda ambao leo watawakabili kagera sugar,1
Sasa unaweza kupakua ripoti za utafiti wa utekelezaji wa sera ya kupitia na,positive,sasa unaweza kupakua ripoti za utafiti wa utekelezaji wa sera ya kupitia na,2
ndio mwaka rasmi bia ilianza kutengenezwa viwandani,neutral,ndio mwaka rasmi bia ilianza kutengenezwa viwandani,1
Hata mimi mwenyewe sijui ukisikia nijulishe,neutral,hata mimi mwenyewe sijui ukisikia nijulishe,1
Hahahah kwanini unadanganya watu kwenye funding,neutral,hahahah kwanini unadanganya watu kwenye funding,1
Shoka lisilo mpini halichanji kuni,positive,shoka lisilo mpini halichanji kuni,2
Toa neno uwe hapo utaelewa nilichomaanisha maana naona umekazania kuweka hilo neno,neutral,toa neno uwe hapo utaelewa nilichomaanisha maana naona umekazania kuweka hilo neno,1
Madini ya ndani ya,neutral,madini ya ndani ya,1
Ngoma ikilia sana haikawii kupasuka,positive,ngoma ikilia sana haikawii kupasuka,2
Mwaka Unaisha Lakini atachukua Tuzo ya MPUMBAVUUU BORA wa Mwaka   Au mekosea Wadau https,negative,mwaka unaisha lakini atachukua tuzo ya mpumbavuuu bora wa mwaka au mekosea wadau,0
Wimbo wa taifa wa Tanzania,neutral,wimbo wa taifa wa tanzania,1
Ukweni malalamiko yanekuwa mengi ndio maana tunafikisha ujumbe,positive,ukweni malalamiko yanekuwa mengi ndio maana tunafikisha ujumbe,2
Habari ahsante kwa kuwasiliana nasi Naomba ufafanuzi kwa msaada zaidiLL,neutral,habari ahsante kwa kuwasiliana nasi naomba ufafanuzi kwa msaada zaidill,1
Oi huyu poti ulimuuliza nini akapanic hivi,neutral,oi huyu poti ulimuuliza nini akapanic hivi,1
Hatudili na mtu SISI NI WA TAASISI Makofiiiiii simamaaaa makofiiii,neutral,hatudili na mtu sisi ni wa taasisi makofiiiiii simamaaaa makofiiii,1
Kitambulisho cha NIDA ni mchongo sana katika baadhi ya michongo muhimu Usikipuuzie kabsa,positive,kitambulisho cha nida ni mchongo sana katika baadhi ya michongo muhimu usikipuuzie kabsa,2
Mwanamume anapaswa kuhisi kwamba anahitajika na mwanamke anapaswa kuhisi kwamba anahudumiwa,positive,mwanamume anapaswa kuhisi kwamba anahitajika na mwanamke anapaswa kuhisi kwamba anahudumiwa,2
Malipo ni hapa hapa duniani,positive,malipo ni hapa hapa duniani,2
Kocha Pablo wachezaji wake,neutral,kocha pablo wachezaji wake,1
Usiingie kwenye mahusiano na mtu ambae hutatamani watoto wako wawe kama yeye,positive,usiingie kwenye mahusiano na mtu ambae hutatamani watoto wako wawe kama yeye,2
Wapambanaji wa kuleta makombe Msimbazi,neutral,wapambanaji wa kuleta makombe msimbazi,1
Elimu Ni Ufunguo Wa Maisha Sasa huyu mwanafunzi ataelewa nini htt,neutral,elimu ni ufunguo wa maisha sasa huyu mwanafunzi ataelewa nini htt,1
Viingilio vya tamasha kubwa zaidi nchini Unaweza kununua tiketi sasa kupitia mitandao ya simu,neutral,viingilio vya tamasha kubwa zaidi nchini unaweza kununua tiketi sasa kupitia mitandao ya simu,1
Hakuna maji wangeishijekuziba watu midomo si suluhisho Kiafya ni jambo la hatari sana,positive,hakuna maji wangeishijekuziba watu midomo si suluhisho kiafya ni jambo la hatari sana,2
